-- Mock data for testing
-- Этот файл можно запускать многократно благодаря ON CONFLICT
-- Используем существующую компанию пользователя: 0daa52ae-d17e-472c-a003-3b9f599c564f

-- Teachers
INSERT INTO teachers (id, name, subject, email, phone, status, workload, company_id, created_at) VALUES
('teacher-1', 'Алия Нұрғалиева', 'Математика', 'aliya.nurgalieva@example.com', '+7 (701) 234-5678', 'active', 15, '0daa52ae-d17e-472c-a003-3b9f599c564f', CURRENT_TIMESTAMP),
('teacher-2', 'Ержан Қайратұлы', 'Физика', 'erzhan.kairatuly@example.com', '+7 (702) 345-6789', 'active', 12, '0daa52ae-d17e-472c-a003-3b9f599c564f', CURRENT_TIMESTAMP),
('teacher-3', 'Динара Сейтова', 'Английский язык', 'dinara.seitova@example.com', '+7 (705) 456-7890', 'active', 18, '0daa52ae-d17e-472c-a003-3b9f599c564f', CURRENT_TIMESTAMP),
('teacher-4', 'Асет Бекболатов', 'Информатика', 'aset.bekbolatov@example.com', '+7 (708) 567-8901', 'active', 10, '0daa52ae-d17e-472c-a003-3b9f599c564f', CURRENT_TIMESTAMP),
('teacher-5', 'Гүлнар Әміржанова', 'Химия', 'gulnar.amirzhanova@example.com', '+7 (777) 678-9012', 'active', 8, '0daa52ae-d17e-472c-a003-3b9f599c564f', CURRENT_TIMESTAMP)
ON CONFLICT (id) DO UPDATE SET
  name = EXCLUDED.name,
  subject = EXCLUDED.subject,
  email = EXCLUDED.email,
  phone = EXCLUDED.phone,
  status = EXCLUDED.status,
  workload = EXCLUDED.workload,
  company_id = EXCLUDED.company_id;

-- Students
INSERT INTO students (id, name, age, email, phone, status, company_id, created_at) VALUES
('student-1', 'Айдар Серікбаев', 16, 'aidar.serikbayev@example.com', '+7 (701) 111-2222', 'active', '0daa52ae-d17e-472c-a003-3b9f599c564f', CURRENT_TIMESTAMP),
('student-2', 'Айгерім Қасымова', 15, 'aigerim.kassymova@example.com', '+7 (702) 222-3333', 'active', '0daa52ae-d17e-472c-a003-3b9f599c564f', CURRENT_TIMESTAMP),
('student-3', 'Нұрсұлтан Әбдіров', 17, 'nursultan.abdirov@example.com', '+7 (705) 333-4444', 'active', '0daa52ae-d17e-472c-a003-3b9f599c564f', CURRENT_TIMESTAMP),
('student-4', 'Жанна Оразбаева', 16, 'zhanna.orazbayeva@example.com', '+7 (708) 444-5555', 'active', '0daa52ae-d17e-472c-a003-3b9f599c564f', CURRENT_TIMESTAMP),
('student-5', 'Арман Тұрсынов', 15, 'arman.tursynov@example.com', '+7 (777) 555-6666', 'active', '0daa52ae-d17e-472c-a003-3b9f599c564f', CURRENT_TIMESTAMP),
('student-6', 'Камила Нұрланқызы', 16, 'kamila.nurlankzy@example.com', '+7 (701) 666-7777', 'inactive', '0daa52ae-d17e-472c-a003-3b9f599c564f', CURRENT_TIMESTAMP),
('student-7', 'Ілияс Бауыржанов', 17, 'iliyas.bauyrzhan@example.com', '+7 (702) 777-8888', 'frozen', '0daa52ae-d17e-472c-a003-3b9f599c564f', CURRENT_TIMESTAMP),
('student-8', 'Сәуле Қайратқызы', 15, 'saule.kairatkzy@example.com', '+7 (705) 888-9999', 'active', '0daa52ae-d17e-472c-a003-3b9f599c564f', CURRENT_TIMESTAMP),
('student-9', 'Данияр Мұхамбетов', 16, 'daniyar.mukhambetov@example.com', '+7 (701) 111-0000', 'active', '0daa52ae-d17e-472c-a003-3b9f599c564f', CURRENT_TIMESTAMP),
('student-10', 'Аружан Төлеуова', 15, 'aruzhan.toleuyova@example.com', '+7 (702) 222-1111', 'active', '0daa52ae-d17e-472c-a003-3b9f599c564f', CURRENT_TIMESTAMP),
('student-11', 'Ерлан Қасымов', 17, 'erlan.kassymov@example.com', '+7 (705) 333-2222', 'active', '0daa52ae-d17e-472c-a003-3b9f599c564f', CURRENT_TIMESTAMP),
('student-12', 'Айжан Нұрланова', 16, 'aizhan.nurlanova@example.com', '+7 (708) 444-3333', 'active', '0daa52ae-d17e-472c-a003-3b9f599c564f', CURRENT_TIMESTAMP),
('student-13', 'Мұрат Әбдіров', 15, 'murat.abdirov@example.com', '+7 (777) 555-4444', 'active', '0daa52ae-d17e-472c-a003-3b9f599c564f', CURRENT_TIMESTAMP),
('student-14', 'Жанар Сейтова', 16, 'zhanar.seitova@example.com', '+7 (701) 666-5555', 'active', '0daa52ae-d17e-472c-a003-3b9f599c564f', CURRENT_TIMESTAMP),
('student-15', 'Нұрбек Бекболатов', 17, 'nurbek.bekbolatov@example.com', '+7 (702) 777-6666', 'active', '0daa52ae-d17e-472c-a003-3b9f599c564f', CURRENT_TIMESTAMP),
('student-16', 'Айгерим Әміржанова', 15, 'aigerim.amirzhanova@example.com', '+7 (705) 888-7777', 'active', '0daa52ae-d17e-472c-a003-3b9f599c564f', CURRENT_TIMESTAMP),
('student-17', 'Данияр Қайратұлы', 16, 'daniyar.kairatuly@example.com', '+7 (708) 999-8888', 'active', '0daa52ae-d17e-472c-a003-3b9f599c564f', CURRENT_TIMESTAMP),
('student-18', 'Алтынай Нұрғалиева', 15, 'altynai.nurgalieva@example.com', '+7 (777) 000-9999', 'active', '0daa52ae-d17e-472c-a003-3b9f599c564f', CURRENT_TIMESTAMP),
('student-19', 'Ержан Тұрсынов', 17, 'erzhan.tursynov@example.com', '+7 (701) 111-0001', 'active', '0daa52ae-d17e-472c-a003-3b9f599c564f', CURRENT_TIMESTAMP),
('student-20', 'Айсулу Оразбаева', 16, 'aisulu.orazbayeva@example.com', '+7 (702) 222-1112', 'active', '0daa52ae-d17e-472c-a003-3b9f599c564f', CURRENT_TIMESTAMP),
('student-21', 'Нұрлан Серікбаев', 15, 'nurlan.serikbayev@example.com', '+7 (705) 333-2223', 'active', '0daa52ae-d17e-472c-a003-3b9f599c564f', CURRENT_TIMESTAMP),
('student-22', 'Айгүл Қасымова', 16, 'aigul.kassymova@example.com', '+7 (708) 444-3334', 'active', '0daa52ae-d17e-472c-a003-3b9f599c564f', CURRENT_TIMESTAMP),
('student-23', 'Марат Бауыржанов', 17, 'marat.bauyrzhan@example.com', '+7 (777) 555-4445', 'active', '0daa52ae-d17e-472c-a003-3b9f599c564f', CURRENT_TIMESTAMP),
('student-24', 'Айжан Нұрланқызы', 15, 'aizhan.nurlankzy@example.com', '+7 (701) 666-5556', 'active', '0daa52ae-d17e-472c-a003-3b9f599c564f', CURRENT_TIMESTAMP)
ON CONFLICT (id) DO UPDATE SET
  name = EXCLUDED.name,
  age = EXCLUDED.age,
  email = EXCLUDED.email,
  phone = EXCLUDED.phone,
  status = EXCLUDED.status,
  company_id = EXCLUDED.company_id;

-- Student subjects
INSERT INTO student_subjects (student_id, subject) VALUES
('student-1', 'Математика'),
('student-1', 'Физика'),
('student-2', 'Английский язык'),
('student-2', 'Математика'),
('student-3', 'Информатика'),
('student-3', 'Математика'),
('student-4', 'Химия'),
('student-4', 'Английский язык'),
('student-5', 'Математика'),
('student-5', 'Физика'),
('student-6', 'Английский язык'),
('student-7', 'Информатика'),
('student-8', 'Математика'),
('student-9', 'Математика'),
('student-9', 'Физика'),
('student-10', 'Английский язык'),
('student-10', 'Химия'),
('student-11', 'Информатика'),
('student-11', 'Математика'),
('student-12', 'Английский язык'),
('student-12', 'Химия'),
('student-13', 'Физика'),
('student-13', 'Математика'),
('student-14', 'Английский язык'),
('student-15', 'Информатика'),
('student-16', 'Химия'),
('student-16', 'Английский язык'),
('student-17', 'Математика'),
('student-17', 'Физика'),
('student-18', 'Английский язык'),
('student-19', 'Информатика'),
('student-20', 'Химия'),
('student-21', 'Математика'),
('student-22', 'Английский язык'),
('student-23', 'Информатика'),
('student-24', 'Математика')
ON CONFLICT (student_id, subject) DO NOTHING;

-- Groups
INSERT INTO groups (id, name, subject, teacher_id, schedule, company_id, created_at) VALUES
('group-1', 'Математика 10А', 'Математика', 'teacher-1', 'Пн, Ср, Пт 10:00-11:30', '0daa52ae-d17e-472c-a003-3b9f599c564f', CURRENT_TIMESTAMP),
('group-2', 'Физика 11Б', 'Физика', 'teacher-2', 'Вт, Чт 14:00-15:30', '0daa52ae-d17e-472c-a003-3b9f599c564f', CURRENT_TIMESTAMP),
('group-3', 'Английский Intermediate', 'Английский язык', 'teacher-3', 'Пн, Ср 16:00-17:30', '0daa52ae-d17e-472c-a003-3b9f599c564f', CURRENT_TIMESTAMP),
('group-4', 'Программирование Python', 'Информатика', 'teacher-4', 'Сб 10:00-13:00', '0daa52ae-d17e-472c-a003-3b9f599c564f', CURRENT_TIMESTAMP),
('group-5', 'Химия 10 класс', 'Химия', 'teacher-5', 'Вт, Чт 10:00-11:30', '0daa52ae-d17e-472c-a003-3b9f599c564f', CURRENT_TIMESTAMP),
('group-6', 'Математика 11А', 'Математика', 'teacher-1', 'Пн, Ср, Пт 12:00-13:30', '0daa52ae-d17e-472c-a003-3b9f599c564f', CURRENT_TIMESTAMP),
('group-7', 'Английский Advanced', 'Английский язык', 'teacher-3', 'Вт, Чт 18:00-19:30', '0daa52ae-d17e-472c-a003-3b9f599c564f', CURRENT_TIMESTAMP),
('group-8', 'Физика 10 класс', 'Физика', 'teacher-2', 'Пн, Ср 11:00-12:30', '0daa52ae-d17e-472c-a003-3b9f599c564f', CURRENT_TIMESTAMP),
('group-9', 'Химия 11 класс', 'Химия', 'teacher-5', 'Пт 15:00-16:30', '0daa52ae-d17e-472c-a003-3b9f599c564f', CURRENT_TIMESTAMP),
('group-10', 'Python Advanced', 'Информатика', 'teacher-4', 'Сб 14:00-17:00', '0daa52ae-d17e-472c-a003-3b9f599c564f', CURRENT_TIMESTAMP)
ON CONFLICT (id) DO UPDATE SET
  name = EXCLUDED.name,
  subject = EXCLUDED.subject,
  teacher_id = EXCLUDED.teacher_id,
  schedule = EXCLUDED.schedule,
  company_id = EXCLUDED.company_id;

-- Student groups
INSERT INTO student_groups (student_id, group_id) VALUES
('student-1', 'group-1'),
('student-2', 'group-1'),
('student-2', 'group-3'),
('student-3', 'group-4'),
('student-4', 'group-5'),
('student-4', 'group-3'),
('student-5', 'group-1'),
('student-6', 'group-3'),
('student-7', 'group-4'),
('student-8', 'group-1'),
('student-9', 'group-1'),
('student-9', 'group-2'),
('student-10', 'group-3'),
('student-10', 'group-5'),
('student-11', 'group-4'),
('student-11', 'group-1'),
('student-12', 'group-3'),
('student-12', 'group-5'),
('student-13', 'group-2'),
('student-13', 'group-1'),
('student-14', 'group-3'),
('student-15', 'group-4'),
('student-16', 'group-5'),
('student-16', 'group-3'),
('student-17', 'group-1'),
('student-17', 'group-2'),
('student-18', 'group-3'),
('student-19', 'group-4'),
('student-20', 'group-5'),
('student-21', 'group-1'),
('student-22', 'group-3'),
('student-23', 'group-4'),
('student-24', 'group-1'),
-- Добавляем студентов в новые группы
('student-1', 'group-6'),
('student-2', 'group-6'),
('student-3', 'group-6'),
('student-5', 'group-8'),
('student-7', 'group-8'),
('student-9', 'group-8'),
('student-11', 'group-7'),
('student-13', 'group-7'),
('student-15', 'group-7'),
('student-4', 'group-9'),
('student-10', 'group-9'),
('student-12', 'group-9'),
('student-3', 'group-10'),
('student-7', 'group-10'),
('student-11', 'group-10'),
('student-15', 'group-10'),
('student-19', 'group-10'),
('student-23', 'group-10')
ON CONFLICT (student_id, group_id) DO NOTHING;

-- Rooms
INSERT INTO rooms (id, name, capacity, color, status, company_id, created_at) VALUES
('room-1', 'Аудитория 101', 20, '#3B82F6', 'active', '0daa52ae-d17e-472c-a003-3b9f599c564f', CURRENT_TIMESTAMP),
('room-2', 'Аудитория 102', 15, '#10B981', 'active', '0daa52ae-d17e-472c-a003-3b9f599c564f', CURRENT_TIMESTAMP),
('room-3', 'Аудитория 201', 25, '#F59E0B', 'active', '0daa52ae-d17e-472c-a003-3b9f599c564f', CURRENT_TIMESTAMP),
('room-4', 'Компьютерный класс', 12, '#8B5CF6', 'active', '0daa52ae-d17e-472c-a003-3b9f599c564f', CURRENT_TIMESTAMP),
('room-5', 'Лаборатория химии', 18, '#EF4444', 'active', '0daa52ae-d17e-472c-a003-3b9f599c564f', CURRENT_TIMESTAMP)
ON CONFLICT (id) DO UPDATE SET
  name = EXCLUDED.name,
  capacity = EXCLUDED.capacity,
  color = EXCLUDED.color,
  status = EXCLUDED.status,
  company_id = EXCLUDED.company_id;

-- Lessons (на текущую и следующую неделю)
INSERT INTO lessons (id, title, teacher_id, group_id, subject, start_time, end_time, room, room_id, status, company_id, created_at) VALUES
-- Понедельник - заполняем весь день
('lesson-1', 'Математика: Алгебра', 'teacher-1', 'group-1', 'Математика', 
  CURRENT_DATE + INTERVAL '1 day' + TIME '09:00', CURRENT_DATE + INTERVAL '1 day' + TIME '10:30', 
  'Аудитория 101', 'room-1', 'scheduled', '0daa52ae-d17e-472c-a003-3b9f599c564f', CURRENT_TIMESTAMP),
('lesson-1b', 'Физика: Кинематика', 'teacher-2', 'group-8', 'Физика', 
  CURRENT_DATE + INTERVAL '1 day' + TIME '11:00', CURRENT_DATE + INTERVAL '1 day' + TIME '12:30', 
  'Аудитория 201', 'room-3', 'scheduled', '0daa52ae-d17e-472c-a003-3b9f599c564f', CURRENT_TIMESTAMP),
('lesson-1c', 'Математика: Уравнения', 'teacher-1', 'group-6', 'Математика', 
  CURRENT_DATE + INTERVAL '1 day' + TIME '12:00', CURRENT_DATE + INTERVAL '1 day' + TIME '13:30', 
  'Аудитория 101', 'room-1', 'scheduled', '0daa52ae-d17e-472c-a003-3b9f599c564f', CURRENT_TIMESTAMP),
('lesson-1d', 'Химия: Основы', 'teacher-5', 'group-5', 'Химия', 
  CURRENT_DATE + INTERVAL '1 day' + TIME '13:00', CURRENT_DATE + INTERVAL '1 day' + TIME '14:30', 
  'Лаборатория химии', 'room-5', 'scheduled', '0daa52ae-d17e-472c-a003-3b9f599c564f', CURRENT_TIMESTAMP),
('lesson-1e', 'Информатика: Основы', 'teacher-4', 'group-4', 'Информатика', 
  CURRENT_DATE + INTERVAL '1 day' + TIME '14:00', CURRENT_DATE + INTERVAL '1 day' + TIME '15:30', 
  'Компьютерный класс', 'room-4', 'scheduled', '0daa52ae-d17e-472c-a003-3b9f599c564f', CURRENT_TIMESTAMP),
('lesson-2', 'Английский язык: Grammar', 'teacher-3', 'group-3', 'Английский язык', 
  CURRENT_DATE + INTERVAL '1 day' + TIME '15:00', CURRENT_DATE + INTERVAL '1 day' + TIME '16:30', 
  'Аудитория 102', 'room-2', 'scheduled', '0daa52ae-d17e-472c-a003-3b9f599c564f', CURRENT_TIMESTAMP),
('lesson-2b', 'Математика: Повторение', 'teacher-1', 'group-1', 'Математика', 
  CURRENT_DATE + INTERVAL '1 day' + TIME '16:00', CURRENT_DATE + INTERVAL '1 day' + TIME '17:30', 
  'Аудитория 101', 'room-1', 'scheduled', '0daa52ae-d17e-472c-a003-3b9f599c564f', CURRENT_TIMESTAMP),
('lesson-2c', 'Английский язык: Advanced', 'teacher-3', 'group-7', 'Английский язык', 
  CURRENT_DATE + INTERVAL '1 day' + TIME '18:00', CURRENT_DATE + INTERVAL '1 day' + TIME '19:30', 
  'Аудитория 102', 'room-2', 'scheduled', '0daa52ae-d17e-472c-a003-3b9f599c564f', CURRENT_TIMESTAMP),

-- Вторник - заполняем весь день
('lesson-4', 'Химия: Органика', 'teacher-5', 'group-5', 'Химия', 
  CURRENT_DATE + INTERVAL '2 day' + TIME '09:00', CURRENT_DATE + INTERVAL '2 day' + TIME '10:30', 
  'Лаборатория химии', 'room-5', 'scheduled', '0daa52ae-d17e-472c-a003-3b9f599c564f', CURRENT_TIMESTAMP),
('lesson-3b', 'Математика: Геометрия', 'teacher-1', 'group-1', 'Математика', 
  CURRENT_DATE + INTERVAL '2 day' + TIME '10:00', CURRENT_DATE + INTERVAL '2 day' + TIME '11:30', 
  'Аудитория 101', 'room-1', 'scheduled', '0daa52ae-d17e-472c-a003-3b9f599c564f', CURRENT_TIMESTAMP),
('lesson-3c', 'Физика: Динамика', 'teacher-2', 'group-8', 'Физика', 
  CURRENT_DATE + INTERVAL '2 day' + TIME '11:00', CURRENT_DATE + INTERVAL '2 day' + TIME '12:30', 
  'Аудитория 201', 'room-3', 'scheduled', '0daa52ae-d17e-472c-a003-3b9f599c564f', CURRENT_TIMESTAMP),
('lesson-3d', 'Английский язык: Vocabulary', 'teacher-3', 'group-3', 'Английский язык', 
  CURRENT_DATE + INTERVAL '2 day' + TIME '12:00', CURRENT_DATE + INTERVAL '2 day' + TIME '13:30', 
  'Аудитория 102', 'room-2', 'scheduled', '0daa52ae-d17e-472c-a003-3b9f599c564f', CURRENT_TIMESTAMP),
('lesson-3e', 'Математика: Функции', 'teacher-1', 'group-6', 'Математика', 
  CURRENT_DATE + INTERVAL '2 day' + TIME '13:00', CURRENT_DATE + INTERVAL '2 day' + TIME '14:30', 
  'Аудитория 101', 'room-1', 'scheduled', '0daa52ae-d17e-472c-a003-3b9f599c564f', CURRENT_TIMESTAMP),
('lesson-3', 'Физика: Механика', 'teacher-2', 'group-2', 'Физика', 
  CURRENT_DATE + INTERVAL '2 day' + TIME '14:00', CURRENT_DATE + INTERVAL '2 day' + TIME '15:30', 
  'Аудитория 201', 'room-3', 'scheduled', '0daa52ae-d17e-472c-a003-3b9f599c564f', CURRENT_TIMESTAMP),
('lesson-3f', 'Химия: Практика', 'teacher-5', 'group-5', 'Химия', 
  CURRENT_DATE + INTERVAL '2 day' + TIME '15:00', CURRENT_DATE + INTERVAL '2 day' + TIME '16:30', 
  'Лаборатория химии', 'room-5', 'scheduled', '0daa52ae-d17e-472c-a003-3b9f599c564f', CURRENT_TIMESTAMP),
('lesson-3g', 'Информатика: Алгоритмы', 'teacher-4', 'group-4', 'Информатика', 
  CURRENT_DATE + INTERVAL '2 day' + TIME '16:00', CURRENT_DATE + INTERVAL '2 day' + TIME '17:30', 
  'Компьютерный класс', 'room-4', 'scheduled', '0daa52ae-d17e-472c-a003-3b9f599c564f', CURRENT_TIMESTAMP),
('lesson-3h', 'Английский язык: Advanced', 'teacher-3', 'group-7', 'Английский язык', 
  CURRENT_DATE + INTERVAL '2 day' + TIME '18:00', CURRENT_DATE + INTERVAL '2 day' + TIME '19:30', 
  'Аудитория 102', 'room-2', 'scheduled', '0daa52ae-d17e-472c-a003-3b9f599c564f', CURRENT_TIMESTAMP),

-- Среда - заполняем весь день
('lesson-5', 'Математика: Геометрия', 'teacher-1', 'group-1', 'Математика', 
  CURRENT_DATE + INTERVAL '3 day' + TIME '09:00', CURRENT_DATE + INTERVAL '3 day' + TIME '10:30', 
  'Аудитория 101', 'room-1', 'scheduled', '0daa52ae-d17e-472c-a003-3b9f599c564f', CURRENT_TIMESTAMP),
('lesson-5b', 'Физика: Статика', 'teacher-2', 'group-8', 'Физика', 
  CURRENT_DATE + INTERVAL '3 day' + TIME '11:00', CURRENT_DATE + INTERVAL '3 day' + TIME '12:30', 
  'Аудитория 201', 'room-3', 'scheduled', '0daa52ae-d17e-472c-a003-3b9f599c564f', CURRENT_TIMESTAMP),
('lesson-5c', 'Математика: Тригонометрия', 'teacher-1', 'group-6', 'Математика', 
  CURRENT_DATE + INTERVAL '3 day' + TIME '12:00', CURRENT_DATE + INTERVAL '3 day' + TIME '13:30', 
  'Аудитория 101', 'room-1', 'scheduled', '0daa52ae-d17e-472c-a003-3b9f599c564f', CURRENT_TIMESTAMP),
('lesson-5d', 'Химия: Растворы', 'teacher-5', 'group-5', 'Химия', 
  CURRENT_DATE + INTERVAL '3 day' + TIME '13:00', CURRENT_DATE + INTERVAL '3 day' + TIME '14:30', 
  'Лаборатория химии', 'room-5', 'scheduled', '0daa52ae-d17e-472c-a003-3b9f599c564f', CURRENT_TIMESTAMP),
('lesson-5e', 'Информатика: Структуры данных', 'teacher-4', 'group-4', 'Информатика', 
  CURRENT_DATE + INTERVAL '3 day' + TIME '14:00', CURRENT_DATE + INTERVAL '3 day' + TIME '15:30', 
  'Компьютерный класс', 'room-4', 'scheduled', '0daa52ae-d17e-472c-a003-3b9f599c564f', CURRENT_TIMESTAMP),
('lesson-6', 'Английский язык: Speaking', 'teacher-3', 'group-3', 'Английский язык', 
  CURRENT_DATE + INTERVAL '3 day' + TIME '15:00', CURRENT_DATE + INTERVAL '3 day' + TIME '16:30', 
  'Аудитория 102', 'room-2', 'scheduled', '0daa52ae-d17e-472c-a003-3b9f599c564f', CURRENT_TIMESTAMP),
('lesson-6b', 'Математика: Повторение', 'teacher-1', 'group-1', 'Математика', 
  CURRENT_DATE + INTERVAL '3 day' + TIME '16:00', CURRENT_DATE + INTERVAL '3 day' + TIME '17:30', 
  'Аудитория 101', 'room-1', 'scheduled', '0daa52ae-d17e-472c-a003-3b9f599c564f', CURRENT_TIMESTAMP),
('lesson-6c', 'Английский язык: Advanced', 'teacher-3', 'group-7', 'Английский язык', 
  CURRENT_DATE + INTERVAL '3 day' + TIME '18:00', CURRENT_DATE + INTERVAL '3 day' + TIME '19:30', 
  'Аудитория 102', 'room-2', 'scheduled', '0daa52ae-d17e-472c-a003-3b9f599c564f', CURRENT_TIMESTAMP),

-- Четверг - заполняем весь день
('lesson-8', 'Химия: Практика', 'teacher-5', 'group-5', 'Химия', 
  CURRENT_DATE + INTERVAL '4 day' + TIME '09:00', CURRENT_DATE + INTERVAL '4 day' + TIME '10:30', 
  'Лаборатория химии', 'room-5', 'scheduled', '0daa52ae-d17e-472c-a003-3b9f599c564f', CURRENT_TIMESTAMP),
('lesson-7b', 'Математика: Алгебра', 'teacher-1', 'group-1', 'Математика', 
  CURRENT_DATE + INTERVAL '4 day' + TIME '10:00', CURRENT_DATE + INTERVAL '4 day' + TIME '11:30', 
  'Аудитория 101', 'room-1', 'scheduled', '0daa52ae-d17e-472c-a003-3b9f599c564f', CURRENT_TIMESTAMP),
('lesson-7c', 'Физика: Магнетизм', 'teacher-2', 'group-8', 'Физика', 
  CURRENT_DATE + INTERVAL '4 day' + TIME '11:00', CURRENT_DATE + INTERVAL '4 day' + TIME '12:30', 
  'Аудитория 201', 'room-3', 'scheduled', '0daa52ae-d17e-472c-a003-3b9f599c564f', CURRENT_TIMESTAMP),
('lesson-7d', 'Английский язык: Reading', 'teacher-3', 'group-3', 'Английский язык', 
  CURRENT_DATE + INTERVAL '4 day' + TIME '12:00', CURRENT_DATE + INTERVAL '4 day' + TIME '13:30', 
  'Аудитория 102', 'room-2', 'scheduled', '0daa52ae-d17e-472c-a003-3b9f599c564f', CURRENT_TIMESTAMP),
('lesson-7e', 'Математика: Производные', 'teacher-1', 'group-6', 'Математика', 
  CURRENT_DATE + INTERVAL '4 day' + TIME '13:00', CURRENT_DATE + INTERVAL '4 day' + TIME '14:30', 
  'Аудитория 101', 'room-1', 'scheduled', '0daa52ae-d17e-472c-a003-3b9f599c564f', CURRENT_TIMESTAMP),
('lesson-7', 'Физика: Электричество', 'teacher-2', 'group-2', 'Физика', 
  CURRENT_DATE + INTERVAL '4 day' + TIME '14:00', CURRENT_DATE + INTERVAL '4 day' + TIME '15:30', 
  'Аудитория 201', 'room-3', 'scheduled', '0daa52ae-d17e-472c-a003-3b9f599c564f', CURRENT_TIMESTAMP),
('lesson-7f', 'Химия: Теория', 'teacher-5', 'group-5', 'Химия', 
  CURRENT_DATE + INTERVAL '4 day' + TIME '15:00', CURRENT_DATE + INTERVAL '4 day' + TIME '16:30', 
  'Лаборатория химии', 'room-5', 'scheduled', '0daa52ae-d17e-472c-a003-3b9f599c564f', CURRENT_TIMESTAMP),
('lesson-7g', 'Информатика: БД', 'teacher-4', 'group-4', 'Информатика', 
  CURRENT_DATE + INTERVAL '4 day' + TIME '16:00', CURRENT_DATE + INTERVAL '4 day' + TIME '17:30', 
  'Компьютерный класс', 'room-4', 'scheduled', '0daa52ae-d17e-472c-a003-3b9f599c564f', CURRENT_TIMESTAMP),
('lesson-7h', 'Английский язык: Advanced', 'teacher-3', 'group-7', 'Английский язык', 
  CURRENT_DATE + INTERVAL '4 day' + TIME '18:00', CURRENT_DATE + INTERVAL '4 day' + TIME '19:30', 
  'Аудитория 102', 'room-2', 'scheduled', '0daa52ae-d17e-472c-a003-3b9f599c564f', CURRENT_TIMESTAMP),

-- Пятница - заполняем весь день
('lesson-9', 'Математика: Тригонометрия', 'teacher-1', 'group-1', 'Математика', 
  CURRENT_DATE + INTERVAL '5 day' + TIME '09:00', CURRENT_DATE + INTERVAL '5 day' + TIME '10:30', 
  'Аудитория 101', 'room-1', 'scheduled', '0daa52ae-d17e-472c-a003-3b9f599c564f', CURRENT_TIMESTAMP),
('lesson-9b', 'Физика: Оптика', 'teacher-2', 'group-8', 'Физика', 
  CURRENT_DATE + INTERVAL '5 day' + TIME '11:00', CURRENT_DATE + INTERVAL '5 day' + TIME '12:30', 
  'Аудитория 201', 'room-3', 'scheduled', '0daa52ae-d17e-472c-a003-3b9f599c564f', CURRENT_TIMESTAMP),
('lesson-9c', 'Математика: Интегралы', 'teacher-1', 'group-6', 'Математика', 
  CURRENT_DATE + INTERVAL '5 day' + TIME '12:00', CURRENT_DATE + INTERVAL '5 day' + TIME '13:30', 
  'Аудитория 101', 'room-1', 'scheduled', '0daa52ae-d17e-472c-a003-3b9f599c564f', CURRENT_TIMESTAMP),
('lesson-9d', 'Химия: 11 класс', 'teacher-5', 'group-9', 'Химия', 
  CURRENT_DATE + INTERVAL '5 day' + TIME '15:00', CURRENT_DATE + INTERVAL '5 day' + TIME '16:30', 
  'Лаборатория химии', 'room-5', 'scheduled', '0daa52ae-d17e-472c-a003-3b9f599c564f', CURRENT_TIMESTAMP),
('lesson-9e', 'Английский язык: Writing', 'teacher-3', 'group-3', 'Английский язык', 
  CURRENT_DATE + INTERVAL '5 day' + TIME '13:00', CURRENT_DATE + INTERVAL '5 day' + TIME '14:30', 
  'Аудитория 102', 'room-2', 'scheduled', '0daa52ae-d17e-472c-a003-3b9f599c564f', CURRENT_TIMESTAMP),
('lesson-9f', 'Информатика: Web', 'teacher-4', 'group-4', 'Информатика', 
  CURRENT_DATE + INTERVAL '5 day' + TIME '14:00', CURRENT_DATE + INTERVAL '5 day' + TIME '15:30', 
  'Компьютерный класс', 'room-4', 'scheduled', '0daa52ae-d17e-472c-a003-3b9f599c564f', CURRENT_TIMESTAMP),
('lesson-9g', 'Математика: Повторение', 'teacher-1', 'group-1', 'Математика', 
  CURRENT_DATE + INTERVAL '5 day' + TIME '16:00', CURRENT_DATE + INTERVAL '5 day' + TIME '17:30', 
  'Аудитория 101', 'room-1', 'scheduled', '0daa52ae-d17e-472c-a003-3b9f599c564f', CURRENT_TIMESTAMP),
('lesson-9h', 'Английский язык: Advanced', 'teacher-3', 'group-7', 'Английский язык', 
  CURRENT_DATE + INTERVAL '5 day' + TIME '18:00', CURRENT_DATE + INTERVAL '5 day' + TIME '19:30', 
  'Аудитория 102', 'room-2', 'scheduled', '0daa52ae-d17e-472c-a003-3b9f599c564f', CURRENT_TIMESTAMP),

-- Суббота - заполняем весь день
('lesson-10', 'Python: Основы программирования', 'teacher-4', 'group-4', 'Информатика', 
  CURRENT_DATE + INTERVAL '6 day' + TIME '09:00', CURRENT_DATE + INTERVAL '6 day' + TIME '12:00', 
  'Компьютерный класс', 'room-4', 'scheduled', '0daa52ae-d17e-472c-a003-3b9f599c564f', CURRENT_TIMESTAMP),
('lesson-10b', 'Математика: Консультация', 'teacher-1', 'group-1', 'Математика', 
  CURRENT_DATE + INTERVAL '6 day' + TIME '12:00', CURRENT_DATE + INTERVAL '6 day' + TIME '13:30', 
  'Аудитория 101', 'room-1', 'scheduled', '0daa52ae-d17e-472c-a003-3b9f599c564f', CURRENT_TIMESTAMP),
('lesson-10c', 'Python Advanced', 'teacher-4', 'group-10', 'Информатика', 
  CURRENT_DATE + INTERVAL '6 day' + TIME '14:00', CURRENT_DATE + INTERVAL '6 day' + TIME '17:00', 
  'Компьютерный класс', 'room-4', 'scheduled', '0daa52ae-d17e-472c-a003-3b9f599c564f', CURRENT_TIMESTAMP),
('lesson-10d', 'Английский язык: Speaking Club', 'teacher-3', 'group-3', 'Английский язык', 
  CURRENT_DATE + INTERVAL '6 day' + TIME '13:00', CURRENT_DATE + INTERVAL '6 day' + TIME '14:30', 
  'Аудитория 102', 'room-2', 'scheduled', '0daa52ae-d17e-472c-a003-3b9f599c564f', CURRENT_TIMESTAMP),
('lesson-10e', 'Физика: Решение задач', 'teacher-2', 'group-2', 'Физика', 
  CURRENT_DATE + INTERVAL '6 day' + TIME '17:00', CURRENT_DATE + INTERVAL '6 day' + TIME '18:30', 
  'Аудитория 201', 'room-3', 'scheduled', '0daa52ae-d17e-472c-a003-3b9f599c564f', CURRENT_TIMESTAMP),

-- Вторая неделя - Понедельник - заполняем весь день
('lesson-11', 'Математика: Производные', 'teacher-1', 'group-1', 'Математика', 
  CURRENT_DATE + INTERVAL '8 day' + TIME '09:00', CURRENT_DATE + INTERVAL '8 day' + TIME '10:30', 
  'Аудитория 101', 'room-1', 'scheduled', '0daa52ae-d17e-472c-a003-3b9f599c564f', CURRENT_TIMESTAMP),
('lesson-11b', 'Физика: Кинематика', 'teacher-2', 'group-8', 'Физика', 
  CURRENT_DATE + INTERVAL '8 day' + TIME '11:00', CURRENT_DATE + INTERVAL '8 day' + TIME '12:30', 
  'Аудитория 201', 'room-3', 'scheduled', '0daa52ae-d17e-472c-a003-3b9f599c564f', CURRENT_TIMESTAMP),
('lesson-11c', 'Математика: Уравнения', 'teacher-1', 'group-6', 'Математика', 
  CURRENT_DATE + INTERVAL '8 day' + TIME '12:00', CURRENT_DATE + INTERVAL '8 day' + TIME '13:30', 
  'Аудитория 101', 'room-1', 'scheduled', '0daa52ae-d17e-472c-a003-3b9f599c564f', CURRENT_TIMESTAMP),
('lesson-11d', 'Химия: Основы', 'teacher-5', 'group-5', 'Химия', 
  CURRENT_DATE + INTERVAL '8 day' + TIME '13:00', CURRENT_DATE + INTERVAL '8 day' + TIME '14:30', 
  'Лаборатория химии', 'room-5', 'scheduled', '0daa52ae-d17e-472c-a003-3b9f599c564f', CURRENT_TIMESTAMP),
('lesson-11e', 'Информатика: Основы', 'teacher-4', 'group-4', 'Информатика', 
  CURRENT_DATE + INTERVAL '8 day' + TIME '14:00', CURRENT_DATE + INTERVAL '8 day' + TIME '15:30', 
  'Компьютерный класс', 'room-4', 'scheduled', '0daa52ae-d17e-472c-a003-3b9f599c564f', CURRENT_TIMESTAMP),
('lesson-12', 'Английский язык: Vocabulary', 'teacher-3', 'group-3', 'Английский язык', 
  CURRENT_DATE + INTERVAL '8 day' + TIME '15:00', CURRENT_DATE + INTERVAL '8 day' + TIME '16:30', 
  'Аудитория 102', 'room-2', 'scheduled', '0daa52ae-d17e-472c-a003-3b9f599c564f', CURRENT_TIMESTAMP),
('lesson-12b', 'Математика: Повторение', 'teacher-1', 'group-1', 'Математика', 
  CURRENT_DATE + INTERVAL '8 day' + TIME '16:00', CURRENT_DATE + INTERVAL '8 day' + TIME '17:30', 
  'Аудитория 101', 'room-1', 'scheduled', '0daa52ae-d17e-472c-a003-3b9f599c564f', CURRENT_TIMESTAMP),
('lesson-12c', 'Английский язык: Advanced', 'teacher-3', 'group-7', 'Английский язык', 
  CURRENT_DATE + INTERVAL '8 day' + TIME '18:00', CURRENT_DATE + INTERVAL '8 day' + TIME '19:30', 
  'Аудитория 102', 'room-2', 'scheduled', '0daa52ae-d17e-472c-a003-3b9f599c564f', CURRENT_TIMESTAMP),

-- Вторая неделя - Вторник - заполняем весь день
('lesson-14', 'Химия: Неорганика', 'teacher-5', 'group-5', 'Химия', 
  CURRENT_DATE + INTERVAL '9 day' + TIME '09:00', CURRENT_DATE + INTERVAL '9 day' + TIME '10:30', 
  'Лаборатория химии', 'room-5', 'scheduled', '0daa52ae-d17e-472c-a003-3b9f599c564f', CURRENT_TIMESTAMP),
('lesson-13b', 'Математика: Геометрия', 'teacher-1', 'group-1', 'Математика', 
  CURRENT_DATE + INTERVAL '9 day' + TIME '10:00', CURRENT_DATE + INTERVAL '9 day' + TIME '11:30', 
  'Аудитория 101', 'room-1', 'scheduled', '0daa52ae-d17e-472c-a003-3b9f599c564f', CURRENT_TIMESTAMP),
('lesson-13c', 'Физика: Динамика', 'teacher-2', 'group-8', 'Физика', 
  CURRENT_DATE + INTERVAL '9 day' + TIME '11:00', CURRENT_DATE + INTERVAL '9 day' + TIME '12:30', 
  'Аудитория 201', 'room-3', 'scheduled', '0daa52ae-d17e-472c-a003-3b9f599c564f', CURRENT_TIMESTAMP),
('lesson-13d', 'Английский язык: Vocabulary', 'teacher-3', 'group-3', 'Английский язык', 
  CURRENT_DATE + INTERVAL '9 day' + TIME '12:00', CURRENT_DATE + INTERVAL '9 day' + TIME '13:30', 
  'Аудитория 102', 'room-2', 'scheduled', '0daa52ae-d17e-472c-a003-3b9f599c564f', CURRENT_TIMESTAMP),
('lesson-13e', 'Математика: Функции', 'teacher-1', 'group-6', 'Математика', 
  CURRENT_DATE + INTERVAL '9 day' + TIME '13:00', CURRENT_DATE + INTERVAL '9 day' + TIME '14:30', 
  'Аудитория 101', 'room-1', 'scheduled', '0daa52ae-d17e-472c-a003-3b9f599c564f', CURRENT_TIMESTAMP),
('lesson-13', 'Физика: Оптика', 'teacher-2', 'group-2', 'Физика', 
  CURRENT_DATE + INTERVAL '9 day' + TIME '14:00', CURRENT_DATE + INTERVAL '9 day' + TIME '15:30', 
  'Аудитория 201', 'room-3', 'scheduled', '0daa52ae-d17e-472c-a003-3b9f599c564f', CURRENT_TIMESTAMP),
('lesson-13f', 'Химия: Практика', 'teacher-5', 'group-5', 'Химия', 
  CURRENT_DATE + INTERVAL '9 day' + TIME '15:00', CURRENT_DATE + INTERVAL '9 day' + TIME '16:30', 
  'Лаборатория химии', 'room-5', 'scheduled', '0daa52ae-d17e-472c-a003-3b9f599c564f', CURRENT_TIMESTAMP),
('lesson-13g', 'Информатика: Алгоритмы', 'teacher-4', 'group-4', 'Информатика', 
  CURRENT_DATE + INTERVAL '9 day' + TIME '16:00', CURRENT_DATE + INTERVAL '9 day' + TIME '17:30', 
  'Компьютерный класс', 'room-4', 'scheduled', '0daa52ae-d17e-472c-a003-3b9f599c564f', CURRENT_TIMESTAMP),
('lesson-13h', 'Английский язык: Advanced', 'teacher-3', 'group-7', 'Английский язык', 
  CURRENT_DATE + INTERVAL '9 day' + TIME '18:00', CURRENT_DATE + INTERVAL '9 day' + TIME '19:30', 
  'Аудитория 102', 'room-2', 'scheduled', '0daa52ae-d17e-472c-a003-3b9f599c564f', CURRENT_TIMESTAMP),

-- Вторая неделя - Среда - заполняем весь день
('lesson-15', 'Математика: Интегралы', 'teacher-1', 'group-1', 'Математика', 
  CURRENT_DATE + INTERVAL '10 day' + TIME '09:00', CURRENT_DATE + INTERVAL '10 day' + TIME '10:30', 
  'Аудитория 101', 'room-1', 'scheduled', '0daa52ae-d17e-472c-a003-3b9f599c564f', CURRENT_TIMESTAMP),
('lesson-15b', 'Физика: Статика', 'teacher-2', 'group-8', 'Физика', 
  CURRENT_DATE + INTERVAL '10 day' + TIME '11:00', CURRENT_DATE + INTERVAL '10 day' + TIME '12:30', 
  'Аудитория 201', 'room-3', 'scheduled', '0daa52ae-d17e-472c-a003-3b9f599c564f', CURRENT_TIMESTAMP),
('lesson-15c', 'Математика: Тригонометрия', 'teacher-1', 'group-6', 'Математика', 
  CURRENT_DATE + INTERVAL '10 day' + TIME '12:00', CURRENT_DATE + INTERVAL '10 day' + TIME '13:30', 
  'Аудитория 101', 'room-1', 'scheduled', '0daa52ae-d17e-472c-a003-3b9f599c564f', CURRENT_TIMESTAMP),
('lesson-15d', 'Химия: Растворы', 'teacher-5', 'group-5', 'Химия', 
  CURRENT_DATE + INTERVAL '10 day' + TIME '13:00', CURRENT_DATE + INTERVAL '10 day' + TIME '14:30', 
  'Лаборатория химии', 'room-5', 'scheduled', '0daa52ae-d17e-472c-a003-3b9f599c564f', CURRENT_TIMESTAMP),
('lesson-15e', 'Информатика: Структуры данных', 'teacher-4', 'group-4', 'Информатика', 
  CURRENT_DATE + INTERVAL '10 day' + TIME '14:00', CURRENT_DATE + INTERVAL '10 day' + TIME '15:30', 
  'Компьютерный класс', 'room-4', 'scheduled', '0daa52ae-d17e-472c-a003-3b9f599c564f', CURRENT_TIMESTAMP),
('lesson-16', 'Английский язык: Reading', 'teacher-3', 'group-3', 'Английский язык', 
  CURRENT_DATE + INTERVAL '10 day' + TIME '15:00', CURRENT_DATE + INTERVAL '10 day' + TIME '16:30', 
  'Аудитория 102', 'room-2', 'scheduled', '0daa52ae-d17e-472c-a003-3b9f599c564f', CURRENT_TIMESTAMP),
('lesson-16b', 'Математика: Повторение', 'teacher-1', 'group-1', 'Математика', 
  CURRENT_DATE + INTERVAL '10 day' + TIME '16:00', CURRENT_DATE + INTERVAL '10 day' + TIME '17:30', 
  'Аудитория 101', 'room-1', 'scheduled', '0daa52ae-d17e-472c-a003-3b9f599c564f', CURRENT_TIMESTAMP),
('lesson-16c', 'Английский язык: Advanced', 'teacher-3', 'group-7', 'Английский язык', 
  CURRENT_DATE + INTERVAL '10 day' + TIME '18:00', CURRENT_DATE + INTERVAL '10 day' + TIME '19:30', 
  'Аудитория 102', 'room-2', 'scheduled', '0daa52ae-d17e-472c-a003-3b9f599c564f', CURRENT_TIMESTAMP),

-- Вторая неделя - Четверг - заполняем весь день
('lesson-18', 'Химия: Реакции', 'teacher-5', 'group-5', 'Химия', 
  CURRENT_DATE + INTERVAL '11 day' + TIME '09:00', CURRENT_DATE + INTERVAL '11 day' + TIME '10:30', 
  'Лаборатория химии', 'room-5', 'scheduled', '0daa52ae-d17e-472c-a003-3b9f599c564f', CURRENT_TIMESTAMP),
('lesson-17b', 'Математика: Алгебра', 'teacher-1', 'group-1', 'Математика', 
  CURRENT_DATE + INTERVAL '11 day' + TIME '10:00', CURRENT_DATE + INTERVAL '11 day' + TIME '11:30', 
  'Аудитория 101', 'room-1', 'scheduled', '0daa52ae-d17e-472c-a003-3b9f599c564f', CURRENT_TIMESTAMP),
('lesson-17c', 'Физика: Магнетизм', 'teacher-2', 'group-8', 'Физика', 
  CURRENT_DATE + INTERVAL '11 day' + TIME '11:00', CURRENT_DATE + INTERVAL '11 day' + TIME '12:30', 
  'Аудитория 201', 'room-3', 'scheduled', '0daa52ae-d17e-472c-a003-3b9f599c564f', CURRENT_TIMESTAMP),
('lesson-17d', 'Английский язык: Reading', 'teacher-3', 'group-3', 'Английский язык', 
  CURRENT_DATE + INTERVAL '11 day' + TIME '12:00', CURRENT_DATE + INTERVAL '11 day' + TIME '13:30', 
  'Аудитория 102', 'room-2', 'scheduled', '0daa52ae-d17e-472c-a003-3b9f599c564f', CURRENT_TIMESTAMP),
('lesson-17e', 'Математика: Производные', 'teacher-1', 'group-6', 'Математика', 
  CURRENT_DATE + INTERVAL '11 day' + TIME '13:00', CURRENT_DATE + INTERVAL '11 day' + TIME '14:30', 
  'Аудитория 101', 'room-1', 'scheduled', '0daa52ae-d17e-472c-a003-3b9f599c564f', CURRENT_TIMESTAMP),
('lesson-17', 'Физика: Термодинамика', 'teacher-2', 'group-2', 'Физика', 
  CURRENT_DATE + INTERVAL '11 day' + TIME '14:00', CURRENT_DATE + INTERVAL '11 day' + TIME '15:30', 
  'Аудитория 201', 'room-3', 'scheduled', '0daa52ae-d17e-472c-a003-3b9f599c564f', CURRENT_TIMESTAMP),
('lesson-17f', 'Химия: Теория', 'teacher-5', 'group-5', 'Химия', 
  CURRENT_DATE + INTERVAL '11 day' + TIME '15:00', CURRENT_DATE + INTERVAL '11 day' + TIME '16:30', 
  'Лаборатория химии', 'room-5', 'scheduled', '0daa52ae-d17e-472c-a003-3b9f599c564f', CURRENT_TIMESTAMP),
('lesson-17g', 'Информатика: БД', 'teacher-4', 'group-4', 'Информатика', 
  CURRENT_DATE + INTERVAL '11 day' + TIME '16:00', CURRENT_DATE + INTERVAL '11 day' + TIME '17:30', 
  'Компьютерный класс', 'room-4', 'scheduled', '0daa52ae-d17e-472c-a003-3b9f599c564f', CURRENT_TIMESTAMP),
('lesson-17h', 'Английский язык: Advanced', 'teacher-3', 'group-7', 'Английский язык', 
  CURRENT_DATE + INTERVAL '11 day' + TIME '18:00', CURRENT_DATE + INTERVAL '11 day' + TIME '19:30', 
  'Аудитория 102', 'room-2', 'scheduled', '0daa52ae-d17e-472c-a003-3b9f599c564f', CURRENT_TIMESTAMP),

-- Вторая неделя - Пятница - заполняем весь день
('lesson-19', 'Математика: Логарифмы', 'teacher-1', 'group-1', 'Математика', 
  CURRENT_DATE + INTERVAL '12 day' + TIME '09:00', CURRENT_DATE + INTERVAL '12 day' + TIME '10:30', 
  'Аудитория 101', 'room-1', 'scheduled', '0daa52ae-d17e-472c-a003-3b9f599c564f', CURRENT_TIMESTAMP),
('lesson-19b', 'Физика: Оптика', 'teacher-2', 'group-8', 'Физика', 
  CURRENT_DATE + INTERVAL '12 day' + TIME '11:00', CURRENT_DATE + INTERVAL '12 day' + TIME '12:30', 
  'Аудитория 201', 'room-3', 'scheduled', '0daa52ae-d17e-472c-a003-3b9f599c564f', CURRENT_TIMESTAMP),
('lesson-19c', 'Математика: Интегралы', 'teacher-1', 'group-6', 'Математика', 
  CURRENT_DATE + INTERVAL '12 day' + TIME '12:00', CURRENT_DATE + INTERVAL '12 day' + TIME '13:30', 
  'Аудитория 101', 'room-1', 'scheduled', '0daa52ae-d17e-472c-a003-3b9f599c564f', CURRENT_TIMESTAMP),
('lesson-19d', 'Химия: 11 класс', 'teacher-5', 'group-9', 'Химия', 
  CURRENT_DATE + INTERVAL '12 day' + TIME '15:00', CURRENT_DATE + INTERVAL '12 day' + TIME '16:30', 
  'Лаборатория химии', 'room-5', 'scheduled', '0daa52ae-d17e-472c-a003-3b9f599c564f', CURRENT_TIMESTAMP),
('lesson-19e', 'Английский язык: Writing', 'teacher-3', 'group-3', 'Английский язык', 
  CURRENT_DATE + INTERVAL '12 day' + TIME '13:00', CURRENT_DATE + INTERVAL '12 day' + TIME '14:30', 
  'Аудитория 102', 'room-2', 'scheduled', '0daa52ae-d17e-472c-a003-3b9f599c564f', CURRENT_TIMESTAMP),
('lesson-20', 'Физика: Колебания', 'teacher-2', 'group-2', 'Физика', 
  CURRENT_DATE + INTERVAL '12 day' + TIME '14:00', CURRENT_DATE + INTERVAL '12 day' + TIME '15:30', 
  'Аудитория 201', 'room-3', 'scheduled', '0daa52ae-d17e-472c-a003-3b9f599c564f', CURRENT_TIMESTAMP),
('lesson-20b', 'Информатика: Web', 'teacher-4', 'group-4', 'Информатика', 
  CURRENT_DATE + INTERVAL '12 day' + TIME '16:00', CURRENT_DATE + INTERVAL '12 day' + TIME '17:30', 
  'Компьютерный класс', 'room-4', 'scheduled', '0daa52ae-d17e-472c-a003-3b9f599c564f', CURRENT_TIMESTAMP),
('lesson-20c', 'Английский язык: Advanced', 'teacher-3', 'group-7', 'Английский язык', 
  CURRENT_DATE + INTERVAL '12 day' + TIME '18:00', CURRENT_DATE + INTERVAL '12 day' + TIME '19:30', 
  'Аудитория 102', 'room-2', 'scheduled', '0daa52ae-d17e-472c-a003-3b9f599c564f', CURRENT_TIMESTAMP),

-- Вторая неделя - Суббота - заполняем весь день
('lesson-21', 'Python: Функции и классы', 'teacher-4', 'group-4', 'Информатика', 
  CURRENT_DATE + INTERVAL '13 day' + TIME '09:00', CURRENT_DATE + INTERVAL '13 day' + TIME '12:00', 
  'Компьютерный класс', 'room-4', 'scheduled', '0daa52ae-d17e-472c-a003-3b9f599c564f', CURRENT_TIMESTAMP),
('lesson-21b', 'Математика: Консультация', 'teacher-1', 'group-1', 'Математика', 
  CURRENT_DATE + INTERVAL '13 day' + TIME '12:00', CURRENT_DATE + INTERVAL '13 day' + TIME '13:30', 
  'Аудитория 101', 'room-1', 'scheduled', '0daa52ae-d17e-472c-a003-3b9f599c564f', CURRENT_TIMESTAMP),
('lesson-21c', 'Python Advanced', 'teacher-4', 'group-10', 'Информатика', 
  CURRENT_DATE + INTERVAL '13 day' + TIME '14:00', CURRENT_DATE + INTERVAL '13 day' + TIME '17:00', 
  'Компьютерный класс', 'room-4', 'scheduled', '0daa52ae-d17e-472c-a003-3b9f599c564f', CURRENT_TIMESTAMP),
('lesson-21d', 'Английский язык: Speaking Club', 'teacher-3', 'group-3', 'Английский язык', 
  CURRENT_DATE + INTERVAL '13 day' + TIME '13:00', CURRENT_DATE + INTERVAL '13 day' + TIME '14:30', 
  'Аудитория 102', 'room-2', 'scheduled', '0daa52ae-d17e-472c-a003-3b9f599c564f', CURRENT_TIMESTAMP),
('lesson-21e', 'Физика: Решение задач', 'teacher-2', 'group-2', 'Физика', 
  CURRENT_DATE + INTERVAL '13 day' + TIME '17:00', CURRENT_DATE + INTERVAL '13 day' + TIME '18:30', 
  'Аудитория 201', 'room-3', 'scheduled', '0daa52ae-d17e-472c-a003-3b9f599c564f', CURRENT_TIMESTAMP),

-- Третья неделя - Понедельник - заполняем весь день
('lesson-22', 'Математика: Уравнения', 'teacher-1', 'group-1', 'Математика', 
  CURRENT_DATE + INTERVAL '15 day' + TIME '09:00', CURRENT_DATE + INTERVAL '15 day' + TIME '10:30', 
  'Аудитория 101', 'room-1', 'scheduled', '0daa52ae-d17e-472c-a003-3b9f599c564f', CURRENT_TIMESTAMP),
('lesson-22b', 'Физика: Кинематика', 'teacher-2', 'group-8', 'Физика', 
  CURRENT_DATE + INTERVAL '15 day' + TIME '11:00', CURRENT_DATE + INTERVAL '15 day' + TIME '12:30', 
  'Аудитория 201', 'room-3', 'scheduled', '0daa52ae-d17e-472c-a003-3b9f599c564f', CURRENT_TIMESTAMP),
('lesson-22c', 'Математика: Уравнения', 'teacher-1', 'group-6', 'Математика', 
  CURRENT_DATE + INTERVAL '15 day' + TIME '12:00', CURRENT_DATE + INTERVAL '15 day' + TIME '13:30', 
  'Аудитория 101', 'room-1', 'scheduled', '0daa52ae-d17e-472c-a003-3b9f599c564f', CURRENT_TIMESTAMP),
('lesson-22d', 'Химия: Основы', 'teacher-5', 'group-5', 'Химия', 
  CURRENT_DATE + INTERVAL '15 day' + TIME '13:00', CURRENT_DATE + INTERVAL '15 day' + TIME '14:30', 
  'Лаборатория химии', 'room-5', 'scheduled', '0daa52ae-d17e-472c-a003-3b9f599c564f', CURRENT_TIMESTAMP),
('lesson-22e', 'Информатика: Основы', 'teacher-4', 'group-4', 'Информатика', 
  CURRENT_DATE + INTERVAL '15 day' + TIME '14:00', CURRENT_DATE + INTERVAL '15 day' + TIME '15:30', 
  'Компьютерный класс', 'room-4', 'scheduled', '0daa52ae-d17e-472c-a003-3b9f599c564f', CURRENT_TIMESTAMP),
('lesson-23', 'Английский язык: Writing', 'teacher-3', 'group-3', 'Английский язык', 
  CURRENT_DATE + INTERVAL '15 day' + TIME '15:00', CURRENT_DATE + INTERVAL '15 day' + TIME '16:30', 
  'Аудитория 102', 'room-2', 'scheduled', '0daa52ae-d17e-472c-a003-3b9f599c564f', CURRENT_TIMESTAMP),
('lesson-23b', 'Математика: Повторение', 'teacher-1', 'group-1', 'Математика', 
  CURRENT_DATE + INTERVAL '15 day' + TIME '16:00', CURRENT_DATE + INTERVAL '15 day' + TIME '17:30', 
  'Аудитория 101', 'room-1', 'scheduled', '0daa52ae-d17e-472c-a003-3b9f599c564f', CURRENT_TIMESTAMP),
('lesson-23c', 'Английский язык: Advanced', 'teacher-3', 'group-7', 'Английский язык', 
  CURRENT_DATE + INTERVAL '15 day' + TIME '18:00', CURRENT_DATE + INTERVAL '15 day' + TIME '19:30', 
  'Аудитория 102', 'room-2', 'scheduled', '0daa52ae-d17e-472c-a003-3b9f599c564f', CURRENT_TIMESTAMP),

-- Третья неделя - Вторник - заполняем весь день
('lesson-25', 'Химия: Растворы', 'teacher-5', 'group-5', 'Химия', 
  CURRENT_DATE + INTERVAL '16 day' + TIME '09:00', CURRENT_DATE + INTERVAL '16 day' + TIME '10:30', 
  'Лаборатория химии', 'room-5', 'scheduled', '0daa52ae-d17e-472c-a003-3b9f599c564f', CURRENT_TIMESTAMP),
('lesson-24b', 'Математика: Геометрия', 'teacher-1', 'group-1', 'Математика', 
  CURRENT_DATE + INTERVAL '16 day' + TIME '10:00', CURRENT_DATE + INTERVAL '16 day' + TIME '11:30', 
  'Аудитория 101', 'room-1', 'scheduled', '0daa52ae-d17e-472c-a003-3b9f599c564f', CURRENT_TIMESTAMP),
('lesson-24c', 'Физика: Динамика', 'teacher-2', 'group-8', 'Физика', 
  CURRENT_DATE + INTERVAL '16 day' + TIME '11:00', CURRENT_DATE + INTERVAL '16 day' + TIME '12:30', 
  'Аудитория 201', 'room-3', 'scheduled', '0daa52ae-d17e-472c-a003-3b9f599c564f', CURRENT_TIMESTAMP),
('lesson-24d', 'Английский язык: Vocabulary', 'teacher-3', 'group-3', 'Английский язык', 
  CURRENT_DATE + INTERVAL '16 day' + TIME '12:00', CURRENT_DATE + INTERVAL '16 day' + TIME '13:30', 
  'Аудитория 102', 'room-2', 'scheduled', '0daa52ae-d17e-472c-a003-3b9f599c564f', CURRENT_TIMESTAMP),
('lesson-24e', 'Математика: Функции', 'teacher-1', 'group-6', 'Математика', 
  CURRENT_DATE + INTERVAL '16 day' + TIME '13:00', CURRENT_DATE + INTERVAL '16 day' + TIME '14:30', 
  'Аудитория 101', 'room-1', 'scheduled', '0daa52ae-d17e-472c-a003-3b9f599c564f', CURRENT_TIMESTAMP),
('lesson-24', 'Физика: Волны', 'teacher-2', 'group-2', 'Физика', 
  CURRENT_DATE + INTERVAL '16 day' + TIME '14:00', CURRENT_DATE + INTERVAL '16 day' + TIME '15:30', 
  'Аудитория 201', 'room-3', 'scheduled', '0daa52ae-d17e-472c-a003-3b9f599c564f', CURRENT_TIMESTAMP),
('lesson-24f', 'Химия: Практика', 'teacher-5', 'group-5', 'Химия', 
  CURRENT_DATE + INTERVAL '16 day' + TIME '15:00', CURRENT_DATE + INTERVAL '16 day' + TIME '16:30', 
  'Лаборатория химии', 'room-5', 'scheduled', '0daa52ae-d17e-472c-a003-3b9f599c564f', CURRENT_TIMESTAMP),
('lesson-24g', 'Информатика: Алгоритмы', 'teacher-4', 'group-4', 'Информатика', 
  CURRENT_DATE + INTERVAL '16 day' + TIME '16:00', CURRENT_DATE + INTERVAL '16 day' + TIME '17:30', 
  'Компьютерный класс', 'room-4', 'scheduled', '0daa52ae-d17e-472c-a003-3b9f599c564f', CURRENT_TIMESTAMP),
('lesson-24h', 'Английский язык: Advanced', 'teacher-3', 'group-7', 'Английский язык', 
  CURRENT_DATE + INTERVAL '16 day' + TIME '18:00', CURRENT_DATE + INTERVAL '16 day' + TIME '19:30', 
  'Аудитория 102', 'room-2', 'scheduled', '0daa52ae-d17e-472c-a003-3b9f599c564f', CURRENT_TIMESTAMP),

-- Третья неделя - Среда - заполняем весь день
('lesson-26', 'Математика: Неравенства', 'teacher-1', 'group-1', 'Математика', 
  CURRENT_DATE + INTERVAL '17 day' + TIME '09:00', CURRENT_DATE + INTERVAL '17 day' + TIME '10:30', 
  'Аудитория 101', 'room-1', 'scheduled', '0daa52ae-d17e-472c-a003-3b9f599c564f', CURRENT_TIMESTAMP),
('lesson-26b', 'Физика: Статика', 'teacher-2', 'group-8', 'Физика', 
  CURRENT_DATE + INTERVAL '17 day' + TIME '11:00', CURRENT_DATE + INTERVAL '17 day' + TIME '12:30', 
  'Аудитория 201', 'room-3', 'scheduled', '0daa52ae-d17e-472c-a003-3b9f599c564f', CURRENT_TIMESTAMP),
('lesson-26c', 'Математика: Тригонометрия', 'teacher-1', 'group-6', 'Математика', 
  CURRENT_DATE + INTERVAL '17 day' + TIME '12:00', CURRENT_DATE + INTERVAL '17 day' + TIME '13:30', 
  'Аудитория 101', 'room-1', 'scheduled', '0daa52ae-d17e-472c-a003-3b9f599c564f', CURRENT_TIMESTAMP),
('lesson-26d', 'Химия: Растворы', 'teacher-5', 'group-5', 'Химия', 
  CURRENT_DATE + INTERVAL '17 day' + TIME '13:00', CURRENT_DATE + INTERVAL '17 day' + TIME '14:30', 
  'Лаборатория химии', 'room-5', 'scheduled', '0daa52ae-d17e-472c-a003-3b9f599c564f', CURRENT_TIMESTAMP),
('lesson-26e', 'Информатика: Структуры данных', 'teacher-4', 'group-4', 'Информатика', 
  CURRENT_DATE + INTERVAL '17 day' + TIME '14:00', CURRENT_DATE + INTERVAL '17 day' + TIME '15:30', 
  'Компьютерный класс', 'room-4', 'scheduled', '0daa52ae-d17e-472c-a003-3b9f599c564f', CURRENT_TIMESTAMP),
('lesson-27', 'Английский язык: Listening', 'teacher-3', 'group-3', 'Английский язык', 
  CURRENT_DATE + INTERVAL '17 day' + TIME '15:00', CURRENT_DATE + INTERVAL '17 day' + TIME '16:30', 
  'Аудитория 102', 'room-2', 'scheduled', '0daa52ae-d17e-472c-a003-3b9f599c564f', CURRENT_TIMESTAMP),
('lesson-27b', 'Математика: Повторение', 'teacher-1', 'group-1', 'Математика', 
  CURRENT_DATE + INTERVAL '17 day' + TIME '16:00', CURRENT_DATE + INTERVAL '17 day' + TIME '17:30', 
  'Аудитория 101', 'room-1', 'scheduled', '0daa52ae-d17e-472c-a003-3b9f599c564f', CURRENT_TIMESTAMP),
('lesson-27c', 'Английский язык: Advanced', 'teacher-3', 'group-7', 'Английский язык', 
  CURRENT_DATE + INTERVAL '17 day' + TIME '18:00', CURRENT_DATE + INTERVAL '17 day' + TIME '19:30', 
  'Аудитория 102', 'room-2', 'scheduled', '0daa52ae-d17e-472c-a003-3b9f599c564f', CURRENT_TIMESTAMP),

-- Третья неделя - Четверг - заполняем весь день
('lesson-29', 'Химия: Электрохимия', 'teacher-5', 'group-5', 'Химия', 
  CURRENT_DATE + INTERVAL '18 day' + TIME '09:00', CURRENT_DATE + INTERVAL '18 day' + TIME '10:30', 
  'Лаборатория химии', 'room-5', 'scheduled', '0daa52ae-d17e-472c-a003-3b9f599c564f', CURRENT_TIMESTAMP),
('lesson-28b', 'Математика: Алгебра', 'teacher-1', 'group-1', 'Математика', 
  CURRENT_DATE + INTERVAL '18 day' + TIME '10:00', CURRENT_DATE + INTERVAL '18 day' + TIME '11:30', 
  'Аудитория 101', 'room-1', 'scheduled', '0daa52ae-d17e-472c-a003-3b9f599c564f', CURRENT_TIMESTAMP),
('lesson-28c', 'Физика: Магнетизм', 'teacher-2', 'group-8', 'Физика', 
  CURRENT_DATE + INTERVAL '18 day' + TIME '11:00', CURRENT_DATE + INTERVAL '18 day' + TIME '12:30', 
  'Аудитория 201', 'room-3', 'scheduled', '0daa52ae-d17e-472c-a003-3b9f599c564f', CURRENT_TIMESTAMP),
('lesson-28d', 'Английский язык: Reading', 'teacher-3', 'group-3', 'Английский язык', 
  CURRENT_DATE + INTERVAL '18 day' + TIME '12:00', CURRENT_DATE + INTERVAL '18 day' + TIME '13:30', 
  'Аудитория 102', 'room-2', 'scheduled', '0daa52ae-d17e-472c-a003-3b9f599c564f', CURRENT_TIMESTAMP),
('lesson-28e', 'Математика: Производные', 'teacher-1', 'group-6', 'Математика', 
  CURRENT_DATE + INTERVAL '18 day' + TIME '13:00', CURRENT_DATE + INTERVAL '18 day' + TIME '14:30', 
  'Аудитория 101', 'room-1', 'scheduled', '0daa52ae-d17e-472c-a003-3b9f599c564f', CURRENT_TIMESTAMP),
('lesson-28', 'Физика: Квантовая механика', 'teacher-2', 'group-2', 'Физика', 
  CURRENT_DATE + INTERVAL '18 day' + TIME '14:00', CURRENT_DATE + INTERVAL '18 day' + TIME '15:30', 
  'Аудитория 201', 'room-3', 'scheduled', '0daa52ae-d17e-472c-a003-3b9f599c564f', CURRENT_TIMESTAMP),
('lesson-28f', 'Химия: Теория', 'teacher-5', 'group-5', 'Химия', 
  CURRENT_DATE + INTERVAL '18 day' + TIME '15:00', CURRENT_DATE + INTERVAL '18 day' + TIME '16:30', 
  'Лаборатория химии', 'room-5', 'scheduled', '0daa52ae-d17e-472c-a003-3b9f599c564f', CURRENT_TIMESTAMP),
('lesson-28g', 'Информатика: БД', 'teacher-4', 'group-4', 'Информатика', 
  CURRENT_DATE + INTERVAL '18 day' + TIME '16:00', CURRENT_DATE + INTERVAL '18 day' + TIME '17:30', 
  'Компьютерный класс', 'room-4', 'scheduled', '0daa52ae-d17e-472c-a003-3b9f599c564f', CURRENT_TIMESTAMP),
('lesson-28h', 'Английский язык: Advanced', 'teacher-3', 'group-7', 'Английский язык', 
  CURRENT_DATE + INTERVAL '18 day' + TIME '18:00', CURRENT_DATE + INTERVAL '18 day' + TIME '19:30', 
  'Аудитория 102', 'room-2', 'scheduled', '0daa52ae-d17e-472c-a003-3b9f599c564f', CURRENT_TIMESTAMP),

-- Третья неделя - Пятница - заполняем весь день
('lesson-30', 'Математика: Векторы', 'teacher-1', 'group-1', 'Математика', 
  CURRENT_DATE + INTERVAL '19 day' + TIME '09:00', CURRENT_DATE + INTERVAL '19 day' + TIME '10:30', 
  'Аудитория 101', 'room-1', 'scheduled', '0daa52ae-d17e-472c-a003-3b9f599c564f', CURRENT_TIMESTAMP),
('lesson-30b', 'Физика: Оптика', 'teacher-2', 'group-8', 'Физика', 
  CURRENT_DATE + INTERVAL '19 day' + TIME '11:00', CURRENT_DATE + INTERVAL '19 day' + TIME '12:30', 
  'Аудитория 201', 'room-3', 'scheduled', '0daa52ae-d17e-472c-a003-3b9f599c564f', CURRENT_TIMESTAMP),
('lesson-30c', 'Математика: Интегралы', 'teacher-1', 'group-6', 'Математика', 
  CURRENT_DATE + INTERVAL '19 day' + TIME '12:00', CURRENT_DATE + INTERVAL '19 day' + TIME '13:30', 
  'Аудитория 101', 'room-1', 'scheduled', '0daa52ae-d17e-472c-a003-3b9f599c564f', CURRENT_TIMESTAMP),
('lesson-30d', 'Химия: 11 класс', 'teacher-5', 'group-9', 'Химия', 
  CURRENT_DATE + INTERVAL '19 day' + TIME '15:00', CURRENT_DATE + INTERVAL '19 day' + TIME '16:30', 
  'Лаборатория химии', 'room-5', 'scheduled', '0daa52ae-d17e-472c-a003-3b9f599c564f', CURRENT_TIMESTAMP),
('lesson-30e', 'Английский язык: Writing', 'teacher-3', 'group-3', 'Английский язык', 
  CURRENT_DATE + INTERVAL '19 day' + TIME '13:00', CURRENT_DATE + INTERVAL '19 day' + TIME '14:30', 
  'Аудитория 102', 'room-2', 'scheduled', '0daa52ae-d17e-472c-a003-3b9f599c564f', CURRENT_TIMESTAMP),
('lesson-30f', 'Информатика: Web', 'teacher-4', 'group-4', 'Информатика', 
  CURRENT_DATE + INTERVAL '19 day' + TIME '14:00', CURRENT_DATE + INTERVAL '19 day' + TIME '15:30', 
  'Компьютерный класс', 'room-4', 'scheduled', '0daa52ae-d17e-472c-a003-3b9f599c564f', CURRENT_TIMESTAMP),
('lesson-30g', 'Математика: Повторение', 'teacher-1', 'group-1', 'Математика', 
  CURRENT_DATE + INTERVAL '19 day' + TIME '16:00', CURRENT_DATE + INTERVAL '19 day' + TIME '17:30', 
  'Аудитория 101', 'room-1', 'scheduled', '0daa52ae-d17e-472c-a003-3b9f599c564f', CURRENT_TIMESTAMP),
('lesson-30h', 'Английский язык: Advanced', 'teacher-3', 'group-7', 'Английский язык', 
  CURRENT_DATE + INTERVAL '19 day' + TIME '18:00', CURRENT_DATE + INTERVAL '19 day' + TIME '19:30', 
  'Аудитория 102', 'room-2', 'scheduled', '0daa52ae-d17e-472c-a003-3b9f599c564f', CURRENT_TIMESTAMP),

-- Третья неделя - Суббота - заполняем весь день
('lesson-31', 'Python: Работа с данными', 'teacher-4', 'group-4', 'Информатика', 
  CURRENT_DATE + INTERVAL '20 day' + TIME '09:00', CURRENT_DATE + INTERVAL '20 day' + TIME '12:00', 
  'Компьютерный класс', 'room-4', 'scheduled', '0daa52ae-d17e-472c-a003-3b9f599c564f', CURRENT_TIMESTAMP),
('lesson-31b', 'Математика: Консультация', 'teacher-1', 'group-1', 'Математика', 
  CURRENT_DATE + INTERVAL '20 day' + TIME '12:00', CURRENT_DATE + INTERVAL '20 day' + TIME '13:30', 
  'Аудитория 101', 'room-1', 'scheduled', '0daa52ae-d17e-472c-a003-3b9f599c564f', CURRENT_TIMESTAMP),
('lesson-31c', 'Python Advanced', 'teacher-4', 'group-10', 'Информатика', 
  CURRENT_DATE + INTERVAL '20 day' + TIME '14:00', CURRENT_DATE + INTERVAL '20 day' + TIME '17:00', 
  'Компьютерный класс', 'room-4', 'scheduled', '0daa52ae-d17e-472c-a003-3b9f599c564f', CURRENT_TIMESTAMP),
('lesson-31d', 'Английский язык: Speaking Club', 'teacher-3', 'group-3', 'Английский язык', 
  CURRENT_DATE + INTERVAL '20 day' + TIME '13:00', CURRENT_DATE + INTERVAL '20 day' + TIME '14:30', 
  'Аудитория 102', 'room-2', 'scheduled', '0daa52ae-d17e-472c-a003-3b9f599c564f', CURRENT_TIMESTAMP),
('lesson-31e', 'Физика: Решение задач', 'teacher-2', 'group-2', 'Физика', 
  CURRENT_DATE + INTERVAL '20 day' + TIME '17:00', CURRENT_DATE + INTERVAL '20 day' + TIME '18:30', 
  'Аудитория 201', 'room-3', 'scheduled', '0daa52ae-d17e-472c-a003-3b9f599c564f', CURRENT_TIMESTAMP)
ON CONFLICT (id) DO UPDATE SET
  title = EXCLUDED.title,
  teacher_id = EXCLUDED.teacher_id,
  group_id = EXCLUDED.group_id,
  subject = EXCLUDED.subject,
  start_time = EXCLUDED.start_time,
  end_time = EXCLUDED.end_time,
  room = EXCLUDED.room,
  room_id = EXCLUDED.room_id,
  status = EXCLUDED.status,
  company_id = EXCLUDED.company_id;

-- Lesson students
INSERT INTO lesson_students (lesson_id, student_id, company_id) VALUES
('lesson-1', 'student-1', '0daa52ae-d17e-472c-a003-3b9f599c564f'),
('lesson-1', 'student-2', '0daa52ae-d17e-472c-a003-3b9f599c564f'),
('lesson-1', 'student-5', '0daa52ae-d17e-472c-a003-3b9f599c564f'),
('lesson-1', 'student-8', '0daa52ae-d17e-472c-a003-3b9f599c564f'),
('lesson-2', 'student-2', '0daa52ae-d17e-472c-a003-3b9f599c564f'),
('lesson-2', 'student-4', '0daa52ae-d17e-472c-a003-3b9f599c564f'),
('lesson-2', 'student-6', '0daa52ae-d17e-472c-a003-3b9f599c564f'),
('lesson-3', 'student-5', '0daa52ae-d17e-472c-a003-3b9f599c564f'),
('lesson-4', 'student-4', '0daa52ae-d17e-472c-a003-3b9f599c564f'),
('lesson-5', 'student-1', '0daa52ae-d17e-472c-a003-3b9f599c564f'),
('lesson-5', 'student-2', '0daa52ae-d17e-472c-a003-3b9f599c564f'),
('lesson-5', 'student-5', '0daa52ae-d17e-472c-a003-3b9f599c564f'),
('lesson-5', 'student-8', '0daa52ae-d17e-472c-a003-3b9f599c564f'),
('lesson-6', 'student-2', '0daa52ae-d17e-472c-a003-3b9f599c564f'),
('lesson-6', 'student-4', '0daa52ae-d17e-472c-a003-3b9f599c564f'),
('lesson-6', 'student-6', '0daa52ae-d17e-472c-a003-3b9f599c564f'),
('lesson-7', 'student-5', '0daa52ae-d17e-472c-a003-3b9f599c564f'),
('lesson-8', 'student-4', '0daa52ae-d17e-472c-a003-3b9f599c564f'),
('lesson-9', 'student-1', '0daa52ae-d17e-472c-a003-3b9f599c564f'),
('lesson-9', 'student-2', '0daa52ae-d17e-472c-a003-3b9f599c564f'),
('lesson-9', 'student-5', '0daa52ae-d17e-472c-a003-3b9f599c564f'),
('lesson-9', 'student-8', '0daa52ae-d17e-472c-a003-3b9f599c564f'),
('lesson-10', 'student-3', '0daa52ae-d17e-472c-a003-3b9f599c564f'),
('lesson-10', 'student-7', '0daa52ae-d17e-472c-a003-3b9f599c564f'),
('lesson-10', 'student-11', '0daa52ae-d17e-472c-a003-3b9f599c564f'),
('lesson-10', 'student-15', '0daa52ae-d17e-472c-a003-3b9f599c564f'),
('lesson-10', 'student-19', '0daa52ae-d17e-472c-a003-3b9f599c564f'),
('lesson-10', 'student-23', '0daa52ae-d17e-472c-a003-3b9f599c564f'),
-- Вторая неделя
('lesson-11', 'student-1', '0daa52ae-d17e-472c-a003-3b9f599c564f'),
('lesson-11', 'student-2', '0daa52ae-d17e-472c-a003-3b9f599c564f'),
('lesson-11', 'student-5', '0daa52ae-d17e-472c-a003-3b9f599c564f'),
('lesson-11', 'student-8', '0daa52ae-d17e-472c-a003-3b9f599c564f'),
('lesson-11', 'student-9', '0daa52ae-d17e-472c-a003-3b9f599c564f'),
('lesson-11', 'student-13', '0daa52ae-d17e-472c-a003-3b9f599c564f'),
('lesson-11', 'student-17', '0daa52ae-d17e-472c-a003-3b9f599c564f'),
('lesson-11', 'student-21', '0daa52ae-d17e-472c-a003-3b9f599c564f'),
('lesson-11', 'student-24', '0daa52ae-d17e-472c-a003-3b9f599c564f'),
('lesson-12', 'student-2', '0daa52ae-d17e-472c-a003-3b9f599c564f'),
('lesson-12', 'student-4', '0daa52ae-d17e-472c-a003-3b9f599c564f'),
('lesson-12', 'student-6', '0daa52ae-d17e-472c-a003-3b9f599c564f'),
('lesson-12', 'student-10', '0daa52ae-d17e-472c-a003-3b9f599c564f'),
('lesson-12', 'student-12', '0daa52ae-d17e-472c-a003-3b9f599c564f'),
('lesson-12', 'student-14', '0daa52ae-d17e-472c-a003-3b9f599c564f'),
('lesson-12', 'student-18', '0daa52ae-d17e-472c-a003-3b9f599c564f'),
('lesson-12', 'student-22', '0daa52ae-d17e-472c-a003-3b9f599c564f'),
('lesson-13', 'student-5', '0daa52ae-d17e-472c-a003-3b9f599c564f'),
('lesson-13', 'student-9', '0daa52ae-d17e-472c-a003-3b9f599c564f'),
('lesson-13', 'student-13', '0daa52ae-d17e-472c-a003-3b9f599c564f'),
('lesson-13', 'student-17', '0daa52ae-d17e-472c-a003-3b9f599c564f'),
('lesson-14', 'student-4', '0daa52ae-d17e-472c-a003-3b9f599c564f'),
('lesson-14', 'student-10', '0daa52ae-d17e-472c-a003-3b9f599c564f'),
('lesson-14', 'student-12', '0daa52ae-d17e-472c-a003-3b9f599c564f'),
('lesson-14', 'student-16', '0daa52ae-d17e-472c-a003-3b9f599c564f'),
('lesson-14', 'student-20', '0daa52ae-d17e-472c-a003-3b9f599c564f'),
('lesson-15', 'student-1', '0daa52ae-d17e-472c-a003-3b9f599c564f'),
('lesson-15', 'student-2', '0daa52ae-d17e-472c-a003-3b9f599c564f'),
('lesson-15', 'student-5', '0daa52ae-d17e-472c-a003-3b9f599c564f'),
('lesson-15', 'student-8', '0daa52ae-d17e-472c-a003-3b9f599c564f'),
('lesson-15', 'student-9', '0daa52ae-d17e-472c-a003-3b9f599c564f'),
('lesson-15', 'student-11', '0daa52ae-d17e-472c-a003-3b9f599c564f'),
('lesson-15', 'student-13', '0daa52ae-d17e-472c-a003-3b9f599c564f'),
('lesson-15', 'student-17', '0daa52ae-d17e-472c-a003-3b9f599c564f'),
('lesson-15', 'student-21', '0daa52ae-d17e-472c-a003-3b9f599c564f'),
('lesson-15', 'student-24', '0daa52ae-d17e-472c-a003-3b9f599c564f'),
('lesson-16', 'student-2', '0daa52ae-d17e-472c-a003-3b9f599c564f'),
('lesson-16', 'student-4', '0daa52ae-d17e-472c-a003-3b9f599c564f'),
('lesson-16', 'student-6', '0daa52ae-d17e-472c-a003-3b9f599c564f'),
('lesson-16', 'student-10', '0daa52ae-d17e-472c-a003-3b9f599c564f'),
('lesson-16', 'student-12', '0daa52ae-d17e-472c-a003-3b9f599c564f'),
('lesson-16', 'student-14', '0daa52ae-d17e-472c-a003-3b9f599c564f'),
('lesson-16', 'student-18', '0daa52ae-d17e-472c-a003-3b9f599c564f'),
('lesson-16', 'student-22', '0daa52ae-d17e-472c-a003-3b9f599c564f'),
('lesson-17', 'student-5', '0daa52ae-d17e-472c-a003-3b9f599c564f'),
('lesson-17', 'student-9', '0daa52ae-d17e-472c-a003-3b9f599c564f'),
('lesson-17', 'student-13', '0daa52ae-d17e-472c-a003-3b9f599c564f'),
('lesson-17', 'student-17', '0daa52ae-d17e-472c-a003-3b9f599c564f'),
('lesson-18', 'student-4', '0daa52ae-d17e-472c-a003-3b9f599c564f'),
('lesson-18', 'student-10', '0daa52ae-d17e-472c-a003-3b9f599c564f'),
('lesson-18', 'student-12', '0daa52ae-d17e-472c-a003-3b9f599c564f'),
('lesson-18', 'student-16', '0daa52ae-d17e-472c-a003-3b9f599c564f'),
('lesson-18', 'student-20', '0daa52ae-d17e-472c-a003-3b9f599c564f'),
('lesson-19', 'student-1', '0daa52ae-d17e-472c-a003-3b9f599c564f'),
('lesson-19', 'student-2', '0daa52ae-d17e-472c-a003-3b9f599c564f'),
('lesson-19', 'student-5', '0daa52ae-d17e-472c-a003-3b9f599c564f'),
('lesson-19', 'student-8', '0daa52ae-d17e-472c-a003-3b9f599c564f'),
('lesson-19', 'student-9', '0daa52ae-d17e-472c-a003-3b9f599c564f'),
('lesson-19', 'student-13', '0daa52ae-d17e-472c-a003-3b9f599c564f'),
('lesson-19', 'student-17', '0daa52ae-d17e-472c-a003-3b9f599c564f'),
('lesson-19', 'student-21', '0daa52ae-d17e-472c-a003-3b9f599c564f'),
('lesson-19', 'student-24', '0daa52ae-d17e-472c-a003-3b9f599c564f'),
('lesson-20', 'student-5', '0daa52ae-d17e-472c-a003-3b9f599c564f'),
('lesson-20', 'student-9', '0daa52ae-d17e-472c-a003-3b9f599c564f'),
('lesson-20', 'student-13', '0daa52ae-d17e-472c-a003-3b9f599c564f'),
('lesson-20', 'student-17', '0daa52ae-d17e-472c-a003-3b9f599c564f'),
('lesson-21', 'student-3', '0daa52ae-d17e-472c-a003-3b9f599c564f'),
('lesson-21', 'student-7', '0daa52ae-d17e-472c-a003-3b9f599c564f'),
('lesson-21', 'student-11', '0daa52ae-d17e-472c-a003-3b9f599c564f'),
('lesson-21', 'student-15', '0daa52ae-d17e-472c-a003-3b9f599c564f'),
('lesson-21', 'student-19', '0daa52ae-d17e-472c-a003-3b9f599c564f'),
('lesson-21', 'student-23', '0daa52ae-d17e-472c-a003-3b9f599c564f'),
-- Третья неделя
('lesson-22', 'student-1', '0daa52ae-d17e-472c-a003-3b9f599c564f'),
('lesson-22', 'student-2', '0daa52ae-d17e-472c-a003-3b9f599c564f'),
('lesson-22', 'student-5', '0daa52ae-d17e-472c-a003-3b9f599c564f'),
('lesson-22', 'student-8', '0daa52ae-d17e-472c-a003-3b9f599c564f'),
('lesson-22', 'student-9', '0daa52ae-d17e-472c-a003-3b9f599c564f'),
('lesson-22', 'student-13', '0daa52ae-d17e-472c-a003-3b9f599c564f'),
('lesson-22', 'student-17', '0daa52ae-d17e-472c-a003-3b9f599c564f'),
('lesson-22', 'student-21', '0daa52ae-d17e-472c-a003-3b9f599c564f'),
('lesson-22', 'student-24', '0daa52ae-d17e-472c-a003-3b9f599c564f'),
('lesson-23', 'student-2', '0daa52ae-d17e-472c-a003-3b9f599c564f'),
('lesson-23', 'student-4', '0daa52ae-d17e-472c-a003-3b9f599c564f'),
('lesson-23', 'student-6', '0daa52ae-d17e-472c-a003-3b9f599c564f'),
('lesson-23', 'student-10', '0daa52ae-d17e-472c-a003-3b9f599c564f'),
('lesson-23', 'student-12', '0daa52ae-d17e-472c-a003-3b9f599c564f'),
('lesson-23', 'student-14', '0daa52ae-d17e-472c-a003-3b9f599c564f'),
('lesson-23', 'student-18', '0daa52ae-d17e-472c-a003-3b9f599c564f'),
('lesson-23', 'student-22', '0daa52ae-d17e-472c-a003-3b9f599c564f'),
('lesson-24', 'student-5', '0daa52ae-d17e-472c-a003-3b9f599c564f'),
('lesson-24', 'student-9', '0daa52ae-d17e-472c-a003-3b9f599c564f'),
('lesson-24', 'student-13', '0daa52ae-d17e-472c-a003-3b9f599c564f'),
('lesson-24', 'student-17', '0daa52ae-d17e-472c-a003-3b9f599c564f'),
('lesson-25', 'student-4', '0daa52ae-d17e-472c-a003-3b9f599c564f'),
('lesson-25', 'student-10', '0daa52ae-d17e-472c-a003-3b9f599c564f'),
('lesson-25', 'student-12', '0daa52ae-d17e-472c-a003-3b9f599c564f'),
('lesson-25', 'student-16', '0daa52ae-d17e-472c-a003-3b9f599c564f'),
('lesson-25', 'student-20', '0daa52ae-d17e-472c-a003-3b9f599c564f'),
('lesson-26', 'student-1', '0daa52ae-d17e-472c-a003-3b9f599c564f'),
('lesson-26', 'student-2', '0daa52ae-d17e-472c-a003-3b9f599c564f'),
('lesson-26', 'student-5', '0daa52ae-d17e-472c-a003-3b9f599c564f'),
('lesson-26', 'student-8', '0daa52ae-d17e-472c-a003-3b9f599c564f'),
('lesson-26', 'student-9', '0daa52ae-d17e-472c-a003-3b9f599c564f'),
('lesson-26', 'student-11', '0daa52ae-d17e-472c-a003-3b9f599c564f'),
('lesson-26', 'student-13', '0daa52ae-d17e-472c-a003-3b9f599c564f'),
('lesson-26', 'student-17', '0daa52ae-d17e-472c-a003-3b9f599c564f'),
('lesson-26', 'student-21', '0daa52ae-d17e-472c-a003-3b9f599c564f'),
('lesson-26', 'student-24', '0daa52ae-d17e-472c-a003-3b9f599c564f'),
('lesson-27', 'student-2', '0daa52ae-d17e-472c-a003-3b9f599c564f'),
('lesson-27', 'student-4', '0daa52ae-d17e-472c-a003-3b9f599c564f'),
('lesson-27', 'student-6', '0daa52ae-d17e-472c-a003-3b9f599c564f'),
('lesson-27', 'student-10', '0daa52ae-d17e-472c-a003-3b9f599c564f'),
('lesson-27', 'student-12', '0daa52ae-d17e-472c-a003-3b9f599c564f'),
('lesson-27', 'student-14', '0daa52ae-d17e-472c-a003-3b9f599c564f'),
('lesson-27', 'student-18', '0daa52ae-d17e-472c-a003-3b9f599c564f'),
('lesson-27', 'student-22', '0daa52ae-d17e-472c-a003-3b9f599c564f'),
('lesson-28', 'student-5', '0daa52ae-d17e-472c-a003-3b9f599c564f'),
('lesson-28', 'student-9', '0daa52ae-d17e-472c-a003-3b9f599c564f'),
('lesson-28', 'student-13', '0daa52ae-d17e-472c-a003-3b9f599c564f'),
('lesson-28', 'student-17', '0daa52ae-d17e-472c-a003-3b9f599c564f'),
('lesson-29', 'student-4', '0daa52ae-d17e-472c-a003-3b9f599c564f'),
('lesson-29', 'student-10', '0daa52ae-d17e-472c-a003-3b9f599c564f'),
('lesson-29', 'student-12', '0daa52ae-d17e-472c-a003-3b9f599c564f'),
('lesson-29', 'student-16', '0daa52ae-d17e-472c-a003-3b9f599c564f'),
('lesson-29', 'student-20', '0daa52ae-d17e-472c-a003-3b9f599c564f'),
('lesson-30', 'student-1', '0daa52ae-d17e-472c-a003-3b9f599c564f'),
('lesson-30', 'student-2', '0daa52ae-d17e-472c-a003-3b9f599c564f'),
('lesson-30', 'student-5', '0daa52ae-d17e-472c-a003-3b9f599c564f'),
('lesson-30', 'student-8', '0daa52ae-d17e-472c-a003-3b9f599c564f'),
('lesson-30', 'student-9', '0daa52ae-d17e-472c-a003-3b9f599c564f'),
('lesson-30', 'student-13', '0daa52ae-d17e-472c-a003-3b9f599c564f'),
('lesson-30', 'student-17', '0daa52ae-d17e-472c-a003-3b9f599c564f'),
('lesson-30', 'student-21', '0daa52ae-d17e-472c-a003-3b9f599c564f'),
('lesson-30', 'student-24', '0daa52ae-d17e-472c-a003-3b9f599c564f'),
('lesson-31', 'student-3', '0daa52ae-d17e-472c-a003-3b9f599c564f'),
('lesson-31', 'student-7', '0daa52ae-d17e-472c-a003-3b9f599c564f'),
('lesson-31', 'student-11', '0daa52ae-d17e-472c-a003-3b9f599c564f'),
('lesson-31', 'student-15', '0daa52ae-d17e-472c-a003-3b9f599c564f'),
('lesson-31', 'student-19', '0daa52ae-d17e-472c-a003-3b9f599c564f'),
('lesson-31', 'student-23', '0daa52ae-d17e-472c-a003-3b9f599c564f')
ON CONFLICT (lesson_id, student_id) DO NOTHING;

-- Leads
INSERT INTO leads (id, name, phone, email, source, status, notes, company_id, created_at, updated_at) VALUES
('lead-1', 'Ернар Жұмабеков', '+7 (701) 999-1111', 'ernar.zhumabekov@example.com', 'call', 'new', 
  'Интересуется курсами математики для подготовки к ЕНТ', '0daa52ae-d17e-472c-a003-3b9f599c564f', NOW() - INTERVAL '2 hours', NOW() - INTERVAL '2 hours'),
('lead-2', 'Асем Сағындықова', '+7 (702) 888-2222', 'asem.sagyndykova@example.com', 'website', 'in_progress', 
  'Хочет записать ребенка на английский язык. Запланирован звонок на завтра', '0daa52ae-d17e-472c-a003-3b9f599c564f', NOW() - INTERVAL '1 day', NOW() - INTERVAL '3 hours'),
('lead-3', 'Мұрат Өтеулиев', '+7 (705) 777-3333', 'murat.oteyuliev@example.com', 'social', 'in_progress', 
  'Пришел из Instagram. Интересуется программированием', '0daa52ae-d17e-472c-a003-3b9f599c564f', NOW() - INTERVAL '3 days', NOW() - INTERVAL '1 day'),
('lead-4', 'Айнұр Төлеуова', '+7 (708) 666-4444', 'ainur.toleuyova@example.com', 'referral', 'enrolled', 
  'Порекомендовала подруга. Записалась в группу по химии', '0daa52ae-d17e-472c-a003-3b9f599c564f', NOW() - INTERVAL '5 days', NOW() - INTERVAL '1 hour'),
('lead-5', 'Дәулет Қасымов', '+7 (777) 555-5555', 'daulet.kassymov@example.com', 'call', 'new', 
  'Позвонил по объявлению. Нужна физика', '0daa52ae-d17e-472c-a003-3b9f599c564f', NOW() - INTERVAL '30 minutes', NOW() - INTERVAL '30 minutes'),
('lead-6', 'Сандуғаш Нұрланова', '+7 (701) 444-6666', '', 'website', 'rejected', 
  'Не устроила цена', '0daa52ae-d17e-472c-a003-3b9f599c564f', NOW() - INTERVAL '7 days', NOW() - INTERVAL '6 days'),
('lead-7', 'Бахыт Әлібеков', '+7 (702) 333-7777', 'bakhyt.alibekov@example.com', 'social', 'new', 
  'Написал в Facebook. Интересуется индивидуальными занятиями', '0daa52ae-d17e-472c-a003-3b9f599c564f', NOW() - INTERVAL '4 hours', NOW() - INTERVAL '4 hours'),
('lead-8', 'Қарлығаш Мұхамбетова', '+7 (705) 222-8888', 'karlygash.mukhambetova@example.com', 'referral', 'in_progress', 
  'Рекомендация от текущего ученика. Планирует начать со следующего месяца', '0daa52ae-d17e-472c-a003-3b9f599c564f', NOW() - INTERVAL '2 days', NOW() - INTERVAL '5 hours')
ON CONFLICT (id) DO UPDATE SET
  name = EXCLUDED.name,
  phone = EXCLUDED.phone,
  email = EXCLUDED.email,
  source = EXCLUDED.source,
  status = EXCLUDED.status,
  notes = EXCLUDED.notes,
  company_id = EXCLUDED.company_id,
  created_at = EXCLUDED.created_at,
  updated_at = EXCLUDED.updated_at;

-- Lead activities
INSERT INTO lead_activities (lead_id, activity_type, description, created_by, created_at) VALUES
('lead-2', 'call', 'Первичный звонок. Обсудили программу и стоимость', 1001, NOW() - INTERVAL '1 day'),
('lead-2', 'note', 'Отправил расписание групп на email', 1001, NOW() - INTERVAL '3 hours'),
('lead-3', 'call', 'Звонок. Пояснил детали курса Python', 1001, NOW() - INTERVAL '2 days'),
('lead-3', 'meeting', 'Встреча в офисе. Показал учебные материалы', 1001, NOW() - INTERVAL '1 day'),
('lead-4', 'call', 'Первичный звонок. Записалась на пробное занятие', 1001, NOW() - INTERVAL '5 days'),
('lead-4', 'note', 'Прошла пробный урок. Решила записаться', 1001, NOW() - INTERVAL '2 days'),
('lead-8', 'call', 'Обсудили программу и цены', 1001, NOW() - INTERVAL '1 day')
ON CONFLICT DO NOTHING;

-- Lead tasks
INSERT INTO lead_tasks (lead_id, title, description, due_date, status, assigned_to, created_at) VALUES
('lead-2', 'Перезвонить для подтверждения', 'Уточнить удобное время для пробного урока', NOW() + INTERVAL '1 day', 'pending', 1001, CURRENT_TIMESTAMP),
('lead-3', 'Отправить договор', 'Выслать договор на email для ознакомления', NOW() + INTERVAL '2 days', 'pending', 1001, CURRENT_TIMESTAMP),
('lead-5', 'Первичный звонок', 'Перезвонить и рассказать о курсах физики', NOW() + INTERVAL '3 hours', 'pending', 1001, CURRENT_TIMESTAMP),
('lead-7', 'Составить индивидуальный план', 'Подготовить программу индивидуальных занятий', NOW() + INTERVAL '1 day', 'pending', 1001, CURRENT_TIMESTAMP),
('lead-8', 'Напомнить о старте', 'Напомнить за неделю до начала занятий', NOW() + INTERVAL '20 days', 'pending', 1001, CURRENT_TIMESTAMP)
ON CONFLICT DO NOTHING;

-- Tariffs
INSERT INTO tariffs (id, name, description, price, duration_days, lesson_count, company_id, created_at) VALUES
('tariff-1', '8 занятий', 'Стандартный абонемент на 8 занятий', 40000.00, 30, 8, '0daa52ae-d17e-472c-a003-3b9f599c564f', CURRENT_TIMESTAMP),
('tariff-2', '12 занятий', 'Выгодный абонемент на 12 занятий', 55000.00, 45, 12, '0daa52ae-d17e-472c-a003-3b9f599c564f', CURRENT_TIMESTAMP),
('tariff-3', '16 занятий', 'Максимальный абонемент на 16 занятий', 70000.00, 60, 16, '0daa52ae-d17e-472c-a003-3b9f599c564f', CURRENT_TIMESTAMP),
('tariff-4', 'Индивидуальное', 'Индивидуальное занятие (разовое)', 8000.00, NULL, 1, '0daa52ae-d17e-472c-a003-3b9f599c564f', CURRENT_TIMESTAMP),
('tariff-5', 'Пробное занятие', 'Первое пробное занятие со скидкой', 2000.00, 7, 1, '0daa52ae-d17e-472c-a003-3b9f599c564f', CURRENT_TIMESTAMP)
ON CONFLICT (id) DO UPDATE SET
  name = EXCLUDED.name,
  description = EXCLUDED.description,
  price = EXCLUDED.price,
  duration_days = EXCLUDED.duration_days,
  lesson_count = EXCLUDED.lesson_count,
  company_id = EXCLUDED.company_id;

-- Subscription Types (Типы абонементов)
INSERT INTO subscription_types (id, name, lessons_count, validity_days, price, can_freeze, description, company_id, billing_type, created_at) VALUES
('sub-type-1', 'Абонемент на 8 занятий', 8, 30, 40000.00, true, 'Стандартный абонемент на 8 занятий, действует 30 дней', '0daa52ae-d17e-472c-a003-3b9f599c564f', 'per_lesson', CURRENT_TIMESTAMP),
('sub-type-2', 'Абонемент на 12 занятий', 12, 45, 55000.00, true, 'Выгодный абонемент на 12 занятий', '0daa52ae-d17e-472c-a003-3b9f599c564f', 'per_lesson', CURRENT_TIMESTAMP),
('sub-type-3', 'Абонемент на 16 занятий', 16, 60, 70000.00, true, 'Максимальный абонемент на 16 занятий', '0daa52ae-d17e-472c-a003-3b9f599c564f', 'per_lesson', CURRENT_TIMESTAMP),
('sub-type-4', 'Безлимитный месячный', 20, 30, 80000.00, false, 'Неограниченное количество занятий в месяц', '0daa52ae-d17e-472c-a003-3b9f599c564f', 'monthly', CURRENT_TIMESTAMP)
ON CONFLICT (id) DO UPDATE SET
  name = EXCLUDED.name,
  lessons_count = EXCLUDED.lessons_count,
  validity_days = EXCLUDED.validity_days,
  price = EXCLUDED.price,
  can_freeze = EXCLUDED.can_freeze,
  description = EXCLUDED.description,
  company_id = EXCLUDED.company_id,
  billing_type = EXCLUDED.billing_type;

-- Активные абонементы для всех студентов (24 шт)
INSERT INTO student_subscriptions (id, student_id, subscription_type_id, total_lessons, used_lessons, start_date, end_date, status, freeze_days_remaining, total_price, price_per_lesson, company_id, created_at) VALUES
('subscription-1', 'student-1', 'sub-type-2', 12, 3, NOW() - INTERVAL '7 days', NOW() + INTERVAL '38 days', 'active', 5, 55000.00, 4583.33, '0daa52ae-d17e-472c-a003-3b9f599c564f', CURRENT_TIMESTAMP),
('subscription-2', 'student-2', 'sub-type-2', 12, 2, NOW() - INTERVAL '6 days', NOW() + INTERVAL '39 days', 'active', 5, 55000.00, 4583.33, '0daa52ae-d17e-472c-a003-3b9f599c564f', CURRENT_TIMESTAMP),
('subscription-3', 'student-3', 'sub-type-2', 12, 1, NOW() - INTERVAL '5 days', NOW() + INTERVAL '40 days', 'active', 5, 55000.00, 4583.33, '0daa52ae-d17e-472c-a003-3b9f599c564f', CURRENT_TIMESTAMP),
('subscription-4', 'student-4', 'sub-type-2', 12, 4, NOW() - INTERVAL '4 days', NOW() + INTERVAL '41 days', 'active', 5, 55000.00, 4583.33, '0daa52ae-d17e-472c-a003-3b9f599c564f', CURRENT_TIMESTAMP),
('subscription-5', 'student-5', 'sub-type-2', 12, 5, NOW() - INTERVAL '3 days', NOW() + INTERVAL '42 days', 'active', 5, 55000.00, 4583.33, '0daa52ae-d17e-472c-a003-3b9f599c564f', CURRENT_TIMESTAMP),
('subscription-6', 'student-6', 'sub-type-2', 12, 0, NOW() - INTERVAL '2 days', NOW() + INTERVAL '43 days', 'active', 5, 55000.00, 4583.33, '0daa52ae-d17e-472c-a003-3b9f599c564f', CURRENT_TIMESTAMP),
('subscription-7', 'student-7', 'sub-type-2', 12, 6, NOW() - INTERVAL '8 days', NOW() + INTERVAL '37 days', 'active', 5, 55000.00, 4583.33, '0daa52ae-d17e-472c-a003-3b9f599c564f', CURRENT_TIMESTAMP),
('subscription-8', 'student-8', 'sub-type-2', 12, 1, NOW() - INTERVAL '9 days', NOW() + INTERVAL '36 days', 'active', 5, 55000.00, 4583.33, '0daa52ae-d17e-472c-a003-3b9f599c564f', CURRENT_TIMESTAMP),
('subscription-9', 'student-9', 'sub-type-2', 12, 2, NOW() - INTERVAL '5 days', NOW() + INTERVAL '40 days', 'active', 5, 55000.00, 4583.33, '0daa52ae-d17e-472c-a003-3b9f599c564f', CURRENT_TIMESTAMP),
('subscription-10', 'student-10', 'sub-type-2', 12, 3, NOW() - INTERVAL '6 days', NOW() + INTERVAL '39 days', 'active', 5, 55000.00, 4583.33, '0daa52ae-d17e-472c-a003-3b9f599c564f', CURRENT_TIMESTAMP),
('subscription-11', 'student-11', 'sub-type-2', 12, 4, NOW() - INTERVAL '7 days', NOW() + INTERVAL '38 days', 'active', 5, 55000.00, 4583.33, '0daa52ae-d17e-472c-a003-3b9f599c564f', CURRENT_TIMESTAMP),
('subscription-12', 'student-12', 'sub-type-2', 12, 5, NOW() - INTERVAL '4 days', NOW() + INTERVAL '41 days', 'active', 5, 55000.00, 4583.33, '0daa52ae-d17e-472c-a003-3b9f599c564f', CURRENT_TIMESTAMP),
('subscription-13', 'student-13', 'sub-type-2', 12, 6, NOW() - INTERVAL '3 days', NOW() + INTERVAL '42 days', 'active', 5, 55000.00, 4583.33, '0daa52ae-d17e-472c-a003-3b9f599c564f', CURRENT_TIMESTAMP),
('subscription-14', 'student-14', 'sub-type-2', 12, 2, NOW() - INTERVAL '2 days', NOW() + INTERVAL '43 days', 'active', 5, 55000.00, 4583.33, '0daa52ae-d17e-472c-a003-3b9f599c564f', CURRENT_TIMESTAMP),
('subscription-15', 'student-15', 'sub-type-2', 12, 1, NOW() - INTERVAL '1 day', NOW() + INTERVAL '44 days', 'active', 5, 55000.00, 4583.33, '0daa52ae-d17e-472c-a003-3b9f599c564f', CURRENT_TIMESTAMP),
('subscription-16', 'student-16', 'sub-type-2', 12, 4, NOW() - INTERVAL '6 days', NOW() + INTERVAL '39 days', 'active', 5, 55000.00, 4583.33, '0daa52ae-d17e-472c-a003-3b9f599c564f', CURRENT_TIMESTAMP),
('subscription-17', 'student-17', 'sub-type-2', 12, 3, NOW() - INTERVAL '7 days', NOW() + INTERVAL '38 days', 'active', 5, 55000.00, 4583.33, '0daa52ae-d17e-472c-a003-3b9f599c564f', CURRENT_TIMESTAMP),
('subscription-18', 'student-18', 'sub-type-2', 12, 2, NOW() - INTERVAL '8 days', NOW() + INTERVAL '37 days', 'active', 5, 55000.00, 4583.33, '0daa52ae-d17e-472c-a003-3b9f599c564f', CURRENT_TIMESTAMP),
('subscription-19', 'student-19', 'sub-type-2', 12, 5, NOW() - INTERVAL '5 days', NOW() + INTERVAL '40 days', 'active', 5, 55000.00, 4583.33, '0daa52ae-d17e-472c-a003-3b9f599c564f', CURRENT_TIMESTAMP),
('subscription-20', 'student-20', 'sub-type-2', 12, 4, NOW() - INTERVAL '4 days', NOW() + INTERVAL '41 days', 'active', 5, 55000.00, 4583.33, '0daa52ae-d17e-472c-a003-3b9f599c564f', CURRENT_TIMESTAMP),
('subscription-21', 'student-21', 'sub-type-2', 12, 3, NOW() - INTERVAL '3 days', NOW() + INTERVAL '42 days', 'active', 5, 55000.00, 4583.33, '0daa52ae-d17e-472c-a003-3b9f599c564f', CURRENT_TIMESTAMP),
('subscription-22', 'student-22', 'sub-type-2', 12, 2, NOW() - INTERVAL '2 days', NOW() + INTERVAL '43 days', 'active', 5, 55000.00, 4583.33, '0daa52ae-d17e-472c-a003-3b9f599c564f', CURRENT_TIMESTAMP),
('subscription-23', 'student-23', 'sub-type-2', 12, 1, NOW() - INTERVAL '1 day', NOW() + INTERVAL '44 days', 'active', 5, 55000.00, 4583.33, '0daa52ae-d17e-472c-a003-3b9f599c564f', CURRENT_TIMESTAMP),
('subscription-24', 'student-24', 'sub-type-2', 12, 0, NOW() - INTERVAL '1 day', NOW() + INTERVAL '44 days', 'active', 5, 55000.00, 4583.33, '0daa52ae-d17e-472c-a003-3b9f599c564f', CURRENT_TIMESTAMP)
ON CONFLICT (id) DO UPDATE SET
  total_lessons = EXCLUDED.total_lessons,
  used_lessons = EXCLUDED.used_lessons,
  start_date = EXCLUDED.start_date,
  end_date = EXCLUDED.end_date,
  status = EXCLUDED.status,
  freeze_days_remaining = EXCLUDED.freeze_days_remaining,
  total_price = EXCLUDED.total_price,
  price_per_lesson = EXCLUDED.price_per_lesson,
  company_id = EXCLUDED.company_id;

-- Payment Transactions (Транзакции)
INSERT INTO payment_transactions (student_id, amount, type, payment_method, description, company_id, created_by, created_at) VALUES
-- Студент 1
('student-1', 40000.00, 'payment', 'card', 'Оплата абонемента на 8 занятий', '0daa52ae-d17e-472c-a003-3b9f599c564f', 1001, NOW() - INTERVAL '10 days'),
('student-1', 8000.00, 'payment', 'cash', 'Дополнительная оплата за материалы', '0daa52ae-d17e-472c-a003-3b9f599c564f', 1001, NOW() - INTERVAL '3 days'),
-- Студент 2
('student-2', 55000.00, 'payment', 'transfer', 'Оплата абонемента на 12 занятий', '0daa52ae-d17e-472c-a003-3b9f599c564f', 1001, NOW() - INTERVAL '5 days'),
-- Студент 3
('student-3', 40000.00, 'payment', 'card', 'Оплата абонемента на 8 занятий', '0daa52ae-d17e-472c-a003-3b9f599c564f', 1001, NOW() - INTERVAL '2 days'),
-- Студент 4
('student-4', 70000.00, 'payment', 'card', 'Оплата абонемента на 16 занятий', '0daa52ae-d17e-472c-a003-3b9f599c564f', 1001, NOW() - INTERVAL '15 days'),
('student-4', 5000.00, 'payment', 'cash', 'Частичная оплата за учебные материалы', '0daa52ae-d17e-472c-a003-3b9f599c564f', 1001, NOW() - INTERVAL '7 days'),
-- Студент 5
('student-5', 55000.00, 'payment', 'transfer', 'Оплата абонемента на 12 занятий', '0daa52ae-d17e-472c-a003-3b9f599c564f', 1001, NOW() - INTERVAL '40 days'),
('student-5', 10000.00, 'debt', 'other', 'Задолженность за следующий абонемент', '0daa52ae-d17e-472c-a003-3b9f599c564f', 1001, NOW() - INTERVAL '2 days'),
-- Студент 6
('student-6', 40000.00, 'payment', 'cash', 'Оплата истекшего абонемента', '0daa52ae-d17e-472c-a003-3b9f599c564f', 1001, NOW() - INTERVAL '60 days'),
('student-6', 2000.00, 'refund', 'card', 'Возврат за отмененное занятие', '0daa52ae-d17e-472c-a003-3b9f599c564f', 1001, NOW() - INTERVAL '35 days'),
-- Студент 7
('student-7', 55000.00, 'payment', 'card', 'Оплата абонемента на 12 занятий', '0daa52ae-d17e-472c-a003-3b9f599c564f', 1001, NOW() - INTERVAL '20 days'),
-- Студент 8
('student-8', 40000.00, 'payment', 'transfer', 'Оплата абонемента на 8 занятий', '0daa52ae-d17e-472c-a003-3b9f599c564f', 1001, NOW() - INTERVAL '8 days')
ON CONFLICT DO NOTHING;

-- Активные балансы для всех студентов (24 шт)
INSERT INTO student_balance (student_id, balance, last_payment_date) VALUES
('student-1', 12000.00, NOW() - INTERVAL '2 days'),
('student-2', 9000.00, NOW() - INTERVAL '3 days'),
('student-3', 7000.00, NOW() - INTERVAL '1 day'),
('student-4', 5000.00, NOW() - INTERVAL '4 days'),
('student-5', 3000.00, NOW() - INTERVAL '2 days'),
('student-6', 11000.00, NOW() - INTERVAL '5 days'),
('student-7', 8000.00, NOW() - INTERVAL '3 days'),
('student-8', 6000.00, NOW() - INTERVAL '2 days'),
('student-9', 7500.00, NOW() - INTERVAL '1 day'),
('student-10', 6500.00, NOW() - INTERVAL '2 days'),
('student-11', 9000.00, NOW() - INTERVAL '3 days'),
('student-12', 7200.00, NOW() - INTERVAL '1 day'),
('student-13', 8400.00, NOW() - INTERVAL '2 days'),
('student-14', 5000.00, NOW() - INTERVAL '3 days'),
('student-15', 6800.00, NOW() - INTERVAL '4 days'),
('student-16', 7600.00, NOW() - INTERVAL '1 day'),
('student-17', 8200.00, NOW() - INTERVAL '2 days'),
('student-18', 6900.00, NOW() - INTERVAL '3 days'),
('student-19', 7300.00, NOW() - INTERVAL '2 days'),
('student-20', 9100.00, NOW() - INTERVAL '1 day'),
('student-21', 9700.00, NOW() - INTERVAL '2 days'),
('student-22', 8800.00, NOW() - INTERVAL '3 days'),
('student-23', 6400.00, NOW() - INTERVAL '1 day'),
('student-24', 7000.00, NOW() - INTERVAL '2 days')
ON CONFLICT (student_id) DO UPDATE SET
  balance = EXCLUDED.balance,
  last_payment_date = EXCLUDED.last_payment_date;

-- Debt Records (Долги)
INSERT INTO debt_records (student_id, amount, due_date, status, notes, company_id, created_at) VALUES
('student-5', 10000.00, NOW() + INTERVAL '5 days', 'pending', 'Оплата за следующий абонемент скоро', '0daa52ae-d17e-472c-a003-3b9f599c564f', CURRENT_TIMESTAMP),
('student-6', 2000.00, NOW() - INTERVAL '10 days', 'pending', 'Просроченная оплата за отмененные занятия', '0daa52ae-d17e-472c-a003-3b9f599c564f', CURRENT_TIMESTAMP),
('student-4', 5000.00, NOW() + INTERVAL '15 days', 'pending', 'Оплата за дополнительные материалы', '0daa52ae-d17e-472c-a003-3b9f599c564f', CURRENT_TIMESTAMP)
ON CONFLICT DO NOTHING;

-- Lesson Attendance (Посещаемость)
-- Используем правильную структуру с company_id
DO $$
DECLARE
    att_company_id VARCHAR(255) := '0daa52ae-d17e-472c-a003-3b9f599c564f';
BEGIN
    INSERT INTO lesson_attendance (lesson_id, student_id, subscription_id, status, marked_by, marked_at, company_id) VALUES
    -- Прошедшие занятия с отметками
    ('lesson-1', 'student-1', 'subscription-1', 'attended', 1001, NOW() - INTERVAL '8 days', att_company_id),
    ('lesson-1', 'student-2', 'subscription-2', 'attended', 1001, NOW() - INTERVAL '8 days', att_company_id),
    ('lesson-1', 'student-5', 'subscription-5', 'missed', 1001, NOW() - INTERVAL '8 days', att_company_id),
    ('lesson-1', 'student-8', 'subscription-8', 'attended', 1001, NOW() - INTERVAL '8 days', att_company_id),
    ('lesson-2', 'student-2', 'subscription-2', 'attended', 1001, NOW() - INTERVAL '7 days', att_company_id),
    ('lesson-2', 'student-4', 'subscription-4', 'missed', 1001, NOW() - INTERVAL '7 days', att_company_id),
    ('lesson-2', 'student-6', NULL, 'cancelled', 1001, NOW() - INTERVAL '7 days', att_company_id),
    ('lesson-5', 'student-1', 'subscription-1', 'attended', 1001, NOW() - INTERVAL '5 days', att_company_id),
    ('lesson-5', 'student-2', 'subscription-2', 'attended', 1001, NOW() - INTERVAL '5 days', att_company_id),
    ('lesson-5', 'student-5', 'subscription-5', 'attended', 1001, NOW() - INTERVAL '5 days', att_company_id),
    ('lesson-5', 'student-8', 'subscription-8', 'attended', 1001, NOW() - INTERVAL '5 days', att_company_id)
    ON CONFLICT (lesson_id, student_id) DO UPDATE SET
      subscription_id = EXCLUDED.subscription_id,
      status = EXCLUDED.status,
      marked_by = EXCLUDED.marked_by,
      company_id = EXCLUDED.company_id;
END $$;

-- Student Activity Log (История действий)
INSERT INTO student_activity_log (student_id, activity_type, description, metadata, created_at) VALUES
-- Действия студента 1
('student-1', 'payment', 'Оплата: 40000.00 ₸', '{"transaction_id": 1, "amount": 40000, "type": "payment"}', NOW() - INTERVAL '10 days'),
('student-1', 'subscription_change', 'Создан новый абонемент. Занятий: 8', '{"subscription_id": "subscription-1", "lessons_count": 8}', NOW() - INTERVAL '10 days'),
('student-1', 'attendance', 'Посетил занятие', '{"lesson_id": "lesson-1", "status": "attended"}', NOW() - INTERVAL '8 days'),
('student-1', 'subscription_change', 'Списано занятие. Осталось: 7', '{"subscription_id": "subscription-1", "lessons_remaining": 7}', NOW() - INTERVAL '8 days'),
('student-1', 'attendance', 'Посетил занятие', '{"lesson_id": "lesson-5", "status": "attended"}', NOW() - INTERVAL '5 days'),
('student-1', 'subscription_change', 'Списано занятие. Осталось: 6', '{"subscription_id": "subscription-1", "lessons_remaining": 6}', NOW() - INTERVAL '5 days'),
('student-1', 'payment', 'Оплата: 8000.00 ₸', '{"transaction_id": 2, "amount": 8000, "type": "payment"}', NOW() - INTERVAL '3 days'),
('student-1', 'note', 'Добавлена заметка', '{"note": "Ученик показывает отличный прогресс"}', NOW() - INTERVAL '2 days'),
-- Действия студента 2
('student-2', 'payment', 'Оплата: 55000.00 ₸', '{"transaction_id": 3, "amount": 55000, "type": "payment"}', NOW() - INTERVAL '5 days'),
('student-2', 'subscription_change', 'Создан новый абонемент. Занятий: 12', '{"subscription_id": "subscription-2", "lessons_count": 12}', NOW() - INTERVAL '5 days'),
('student-2', 'attendance', 'Посетил занятие', '{"lesson_id": "lesson-1", "status": "attended"}', NOW() - INTERVAL '4 days'),
('student-2', 'subscription_change', 'Списано занятие. Осталось: 11', '{"subscription_id": "subscription-2", "lessons_remaining": 11}', NOW() - INTERVAL '4 days'),
('student-2', 'attendance', 'Посетил занятие', '{"lesson_id": "lesson-2", "status": "attended"}', NOW() - INTERVAL '3 days'),
('student-2', 'subscription_change', 'Списано занятие. Осталось: 10', '{"subscription_id": "subscription-2", "lessons_remaining": 10}', NOW() - INTERVAL '3 days'),
-- Действия студента 5
('student-5', 'payment', 'Оплата: 55000.00 ₸', '{"transaction_id": 7, "amount": 55000, "type": "payment"}', NOW() - INTERVAL '40 days'),
('student-5', 'subscription_change', 'Создан новый абонемент. Занятий: 12', '{"subscription_id": "subscription-5", "lessons_count": 12}', NOW() - INTERVAL '40 days'),
('student-5', 'attendance', 'Пропустил занятие', '{"lesson_id": "lesson-1", "status": "missed", "reason": "Болезнь"}', NOW() - INTERVAL '8 days'),
('student-5', 'attendance', 'Посетил занятие', '{"lesson_id": "lesson-5", "status": "attended"}', NOW() - INTERVAL '5 days'),
('student-5', 'subscription_change', 'Списано занятие. Осталось: 2', '{"subscription_id": "subscription-5", "lessons_remaining": 2}', NOW() - INTERVAL '5 days'),
('student-5', 'debt_created', 'Создан долг: 10000.00 ₸', '{"debt_id": 1, "amount": 10000}', NOW() - INTERVAL '2 days')
ON CONFLICT DO NOTHING;

-- Student Notes (Заметки об учениках)
INSERT INTO student_notes (student_id, note, created_at) VALUES
('student-1', 'Ученик показывает отличный прогресс по математике. Очень внимателен и выполняет все домашние задания.', NOW() - INTERVAL '2 days'),
('student-1', 'Родители попросили дополнительные материалы по продвинутым темам.', NOW() - INTERVAL '1 day'),
('student-2', 'Хорошее участие на уроках английского. Нужно больше практики разговорной речи.', NOW() - INTERVAL '3 days'),
('student-3', 'Очень талантлив в программировании. Проявляет интерес к продвинутым темам Python.', NOW() - INTERVAL '5 days'),
('student-4', 'Пропустила занятие из-за семейных обстоятельств. Нужно наверстать тему по органической химии.', NOW() - INTERVAL '2 days'),
('student-5', 'Болел на прошлой неделе. Быстро наверстал пропущенный материал.', NOW() - INTERVAL '4 days'),
('student-5', 'Абонемент заканчивается. Обсудили продление с родителями.', NOW() - INTERVAL '1 day'),
('student-7', 'Абонемент заморожен из-за семейной поездки. Возобновит занятия в следующем месяце.', NOW() - INTERVAL '10 days')
ON CONFLICT DO NOTHING;

-- Notifications (Уведомления)
INSERT INTO notifications (student_id, type, message, is_read, created_at) VALUES
('student-5', 'subscription_expiring', 'Ваш абонемент истекает через 5 дней. Осталось всего 2 занятия.', false, NOW() - INTERVAL '1 day'),
('student-5', 'debt_reminder', 'Напоминание об оплате: 10000.00 ₸ через 5 дней', false, NOW() - INTERVAL '1 day'),
('student-6', 'debt_reminder', 'Просроченный платеж: 2000.00 ₸ (просрочен на 10 дней)', false, NOW() - INTERVAL '2 days'),
('student-6', 'subscription_expired', 'Ваш абонемент истек. Пожалуйста, продлите для продолжения занятий.', false, NOW() - INTERVAL '30 days'),
('student-4', 'debt_reminder', 'Напоминание об оплате: 5000.00 ₸ через 15 дней', false, NOW() - INTERVAL '1 hour'),
('student-1', 'subscription_expiring', 'Осталось 5 занятий в абонементе.', true, NOW() - INTERVAL '3 days'),
('student-8', 'subscription_expiring', 'Осталось 7 занятий в абонементе.', false, NOW() - INTERVAL '12 hours')
ON CONFLICT DO NOTHING;

-- Subscription Freezes (Заморозки абонементов)
INSERT INTO subscription_freezes (subscription_id, freeze_start, freeze_end, reason) VALUES
('subscription-7', NOW() - INTERVAL '20 days', NULL, 'Семейная поездка за границу. Вернется в следующем месяце.')
ON CONFLICT DO NOTHING;

-- ---------------------------------------------------------
-- Дополнительные уроки на сегодня (почти каждый час)
-- Время сдвинуто на 2 часа раньше, чтобы в UI отображалось корректно
-- ---------------------------------------------------------
INSERT INTO lessons (id, title, teacher_id, group_id, subject, start_time, end_time, room, room_id, status, company_id, created_at) VALUES
('lesson-today-1', 'Математика: Разбор задач', 'teacher-1', 'group-1', 'Математика',
  CURRENT_DATE + TIME '08:00', CURRENT_DATE + TIME '09:30',
  'Аудитория 101', 'room-1', 'scheduled', '0daa52ae-d17e-472c-a003-3b9f599c564f', CURRENT_TIMESTAMP),
('lesson-today-2', 'Физика: Законы Ньютона', 'teacher-2', 'group-2', 'Физика',
  CURRENT_DATE + TIME '09:30', CURRENT_DATE + TIME '11:00',
  'Аудитория 201', 'room-3', 'scheduled', '0daa52ae-d17e-472c-a003-3b9f599c564f', CURRENT_TIMESTAMP),
('lesson-today-3', 'Английский: Speaking', 'teacher-3', 'group-3', 'Английский язык',
  CURRENT_DATE + TIME '11:00', CURRENT_DATE + TIME '12:30',
  'Аудитория 102', 'room-2', 'scheduled', '0daa52ae-d17e-472c-a003-3b9f599c564f', CURRENT_TIMESTAMP),
('lesson-today-4', 'Химия: Практикум', 'teacher-5', 'group-5', 'Химия',
  CURRENT_DATE + TIME '12:30', CURRENT_DATE + TIME '14:00',
  'Лаборатория химии', 'room-5', 'scheduled', '0daa52ae-d17e-472c-a003-3b9f599c564f', CURRENT_TIMESTAMP),
('lesson-today-5', 'Математика: Геометрия', 'teacher-1', 'group-6', 'Математика',
  CURRENT_DATE + TIME '14:00', CURRENT_DATE + TIME '15:30',
  'Аудитория 101', 'room-1', 'scheduled', '0daa52ae-d17e-472c-a003-3b9f599c564f', CURRENT_TIMESTAMP),
('lesson-today-6', 'Информатика: Алгоритмы', 'teacher-4', 'group-4', 'Информатика',
  CURRENT_DATE + TIME '15:30', CURRENT_DATE + TIME '17:00',
  'Компьютерный класс', 'room-4', 'scheduled', '0daa52ae-d17e-472c-a003-3b9f599c564f', CURRENT_TIMESTAMP),
('lesson-today-7', 'Физика: Оптика', 'teacher-2', 'group-8', 'Физика',
  CURRENT_DATE + TIME '17:00', CURRENT_DATE + TIME '18:30',
  'Аудитория 201', 'room-3', 'scheduled', '0daa52ae-d17e-472c-a003-3b9f599c564f', CURRENT_TIMESTAMP),
('lesson-today-8', 'Английский: Advanced', 'teacher-3', 'group-7', 'Английский язык',
  CURRENT_DATE + TIME '18:30', CURRENT_DATE + TIME '20:00',
  'Аудитория 102', 'room-2', 'scheduled', '0daa52ae-d17e-472c-a003-3b9f599c564f', CURRENT_TIMESTAMP),
('lesson-today-9', 'Математика: Консультация', 'teacher-1', 'group-1', 'Математика',
  CURRENT_DATE + TIME '20:00', CURRENT_DATE + TIME '21:30',
  'Аудитория 101', 'room-1', 'scheduled', '0daa52ae-d17e-472c-a003-3b9f599c564f', CURRENT_TIMESTAMP)
ON CONFLICT (id) DO UPDATE SET
  title = EXCLUDED.title,
  teacher_id = EXCLUDED.teacher_id,
  group_id = EXCLUDED.group_id,
  subject = EXCLUDED.subject,
  start_time = EXCLUDED.start_time,
  end_time = EXCLUDED.end_time,
  room = EXCLUDED.room,
  room_id = EXCLUDED.room_id,
  status = EXCLUDED.status,
  company_id = EXCLUDED.company_id;

INSERT INTO lesson_students (lesson_id, student_id, company_id) VALUES
('lesson-today-1', 'student-1', '0daa52ae-d17e-472c-a003-3b9f599c564f'),
('lesson-today-1', 'student-5', '0daa52ae-d17e-472c-a003-3b9f599c564f'),
('lesson-today-1', 'student-9', '0daa52ae-d17e-472c-a003-3b9f599c564f'),
('lesson-today-2', 'student-2', '0daa52ae-d17e-472c-a003-3b9f599c564f'),
('lesson-today-2', 'student-6', '0daa52ae-d17e-472c-a003-3b9f599c564f'),
('lesson-today-2', 'student-10', '0daa52ae-d17e-472c-a003-3b9f599c564f'),
('lesson-today-3', 'student-3', '0daa52ae-d17e-472c-a003-3b9f599c564f'),
('lesson-today-3', 'student-7', '0daa52ae-d17e-472c-a003-3b9f599c564f'),
('lesson-today-3', 'student-11', '0daa52ae-d17e-472c-a003-3b9f599c564f'),
('lesson-today-4', 'student-4', '0daa52ae-d17e-472c-a003-3b9f599c564f'),
('lesson-today-4', 'student-8', '0daa52ae-d17e-472c-a003-3b9f599c564f'),
('lesson-today-4', 'student-12', '0daa52ae-d17e-472c-a003-3b9f599c564f'),
('lesson-today-5', 'student-13', '0daa52ae-d17e-472c-a003-3b9f599c564f'),
('lesson-today-5', 'student-14', '0daa52ae-d17e-472c-a003-3b9f599c564f'),
('lesson-today-5', 'student-15', '0daa52ae-d17e-472c-a003-3b9f599c564f'),
('lesson-today-6', 'student-16', '0daa52ae-d17e-472c-a003-3b9f599c564f'),
('lesson-today-6', 'student-17', '0daa52ae-d17e-472c-a003-3b9f599c564f'),
('lesson-today-6', 'student-18', '0daa52ae-d17e-472c-a003-3b9f599c564f'),
('lesson-today-7', 'student-19', '0daa52ae-d17e-472c-a003-3b9f599c564f'),
('lesson-today-7', 'student-20', '0daa52ae-d17e-472c-a003-3b9f599c564f'),
('lesson-today-7', 'student-21', '0daa52ae-d17e-472c-a003-3b9f599c564f'),
('lesson-today-8', 'student-22', '0daa52ae-d17e-472c-a003-3b9f599c564f'),
('lesson-today-8', 'student-23', '0daa52ae-d17e-472c-a003-3b9f599c564f'),
('lesson-today-8', 'student-24', '0daa52ae-d17e-472c-a003-3b9f599c564f'),
('lesson-today-9', 'student-1', '0daa52ae-d17e-472c-a003-3b9f599c564f'),
('lesson-today-9', 'student-2', '0daa52ae-d17e-472c-a003-3b9f599c564f'),
('lesson-today-9', 'student-3', '0daa52ae-d17e-472c-a003-3b9f599c564f')
ON CONFLICT (lesson_id, student_id) DO NOTHING;

VACUUM ANALYZE;

